name,phone,address,website,city,email
"""BRAYCES"" Orthodontics",,"Shore Road, Somers Point, NJ, 08244",,,
1100 Dental,,"South Broad Street, Trenton, NJ, 08611",,,
A-1 Dental,,NJ,,,
A2Z Dental,1-9098-526-2224,NJ,,,
ABA Pediatric Dental,+1 201 3860353,"Journal Square Plaza, Jersey City, NJ, 07306",http://dentalhealthcenter.com/,,
Abra Health - Newark Smile Center,(973) 221-4607,"223 Bloomfield Avenue, Newark, NJ",https://abradental.com/locations/bloomfield-newark-smile-center/,,
Academy Dental of Hamilton,(609) 403-0710,"731 NJ-33, Hamilton Township, NJ 08619, USA",https://www.academydentalnj.com/,Trenton,
Ace Dental,,NJ,,,
Acorn Pediatric Dental,,NJ,,,
Advanced Dental Care,201-365-4458,"160 South Broad Street, Ridgewood, NJ 07450",https://advanceddentalcarepa.com/,,
Advanced Dental Care Of Vernon,1-973-209-4944,"Route 94, Vernon Township, NJ",https://www.zdental.net/advanced-dental-care-of-vernon/,,
Advanced Dental Care of Englewood,(201) 579-6674,"North Dean Street, Englewood, NJ, 07631",https://miksadental.com/,,
"Advanced Dental Concepts, PA",,"New Road, Somers Point, NJ, 08204",,,
Advanced Dental Techniques,,"Paterson-Hamburg Turnpike, Wayne, NJ, 07470",,,
Advanced Family Dental,(215) 792-3501,"327 Township Line Rd, Elkins Park, PA 19027, USA",https://thesmilist.com/dentist-locations/pennsylvania/elkins-park-dentist/,Cherry Hill,
Advanced Family Smiles - Philadelphia Dentist,(215) 637-7474,"10501 Academy Rd Suite A, Philadelphia, PA 19114, USA",https://www.afspc.com/philadelphia-dentist-office/,Camden,
Advanced Palmyra Dentistry,1-856-786-7117,"West Broad Street, Palmyra, NJ, 08065",https://advancedpalmyradentistry.com/,,apddental@gmail.com
Advanced Periodontics of New Jersey,+1 201 9407002,NJ,https://advancedperionj.com/,,
Advanced Smile Dentistry,,NJ,,,
Affordable Teeth Care,,"Ventnor Avenue, Atlantic City, NJ, 08401",,,
Al MDA PC,,"NJ-23, Wayne, NJ, 07470",,,
Alex Colalillo Orthodontics,,"N Main Street, Mullica Hill, NJ, 08062",,,
Alexander Gerskowitz,,"Paterson-Hamburg Turnpike, Wayne, NJ, 07470",,,
Allendale Dental,12017601116,"West Allendale Avenue, Allendale, NJ, 07401",https://www.allendaledental.net/,,
Allied Dental,,NJ,,,
Alllied Dental of Old Bridge,732-553-9393,"US 9 South, Parlin, NJ, 08859",http://www.allieddentalofoldbridge.com/,,
Allstate Dental,,"Bloomfield Avenue, Newark, NJ, 07107",,,
Allwood Family Dentistry,,NJ,,,
Alpine Dental,,NJ,,,
Amara Dental,,NJ,,,
American Dental Associates - Philadelphia,(215) 331-1330,"3428 Rhawn St, Philadelphia, PA 19136, USA",https://www.localphiladelphiadentist.com/our-office/,Cherry Hill,"fancybox_sprite@2x.png, email@email.com, fancybox_loading@2x.gif"
Amwell Dental,,NJ,,,
Anderson Dental Center,(201) 546-7435,"15 Anderson St, Hackensack, NJ 07601, USA",https://www.andersondentalhackensack.com/,Paterson,
Apex Dental,732-553-1313,"Ernston Road, Parlin, NJ, 08859",https://apexdentalhealth.com,,
Apex Dental Care,(609) 771-0032,"795 Parkway Ave A5, Ewing Township, NJ 08618, USA",http://www.apexdentalcarenj.com/,Trenton,info@apexdentalcarenj.com
Armstrong Pediatric Dental,,NJ,,,
Artista Dental Studio Wayne New Jersey,,"Paterson-Hamburg Turnpike, Wayne, NJ, 07470",,,
Asen Jeffrey M DDS,,NJ,,,
Aspen Dental,1-908-594-2450,"NJ 57, Hackettstown, NJ, 07840",,,
Aspen Dental,,NJ,,,
Associates In Oral and Maxillofacial Surgery,,"Morris Avenue, Springfield, NJ, 07081",,,
Atlantic Dental,,NJ,,,
Atlantic Smiles,1-609-344-1900,"Ventnor Avenue, Atlantic City, NJ, 08401",http://www.atlanticsmiles.com/atlantic-city-location.html,,info@atlanticsmiles.com
Avant Garde Dental Arts,,"Paterson-Hamburg Turnpike, Wayne, NJ, 07470",,,
Balla Joseph a DDS,,"Hamburg Turnpike, Wayne, NJ, 07470",,,
Banker Dental Associates,1-908-354-1490,"Elmora Avenue, Elizabeth, NJ, 07202",https://www.bankerdental.com/,,
Barclay Family Dental,1-856-288-3708,"Barclay Farms Shopping Center, Cherry Hill, NJ, 08034",https://www.barclayfamilydental.com/,,frontdesk@barclayfamilydental.com
Basking Ridge Dental Group,,NJ,,,
Bayonne Smile Center,,"Avenue C, Bayonne, NJ, 07305",,,
Bayshore Family & Cosmetic Dentistry,(732) 264-1011,"Maple Place, Keyport, NJ, 07735",,,
Bayside Dental,,NJ,,,
Beachside Pediatric Dentistry,,"Berkeley Avenue, Ocean Township, NJ, 07712",,,
Beachwood Dental Arts,1-732-349-555,NJ,,,
Beam Dental,+1 732-372-0288,"Lincoln Highway, Edison, NJ, 08817",https://www.mybeamdental.com/,,
Beam St,,"Washington Street, Hoboken, NJ, 07030",https://www.beam-st.com/,,
Beckman Dental,(973) 347-0080,"Main Street, Netcong, NJ, 07857",,,
Bedminster Family & Cosmetic Dentistry - Dr. Mike Mavrostomos,908-234-1401,"Robertson Drive, Bedminster, NJ, 07921",https://www.bedminsterdental.com/,,
"Benjamin J. Avery, DMD Family Dentistry",,"South Main Street, Phillipsburg, NJ, 08865",,,
Bergenfield Dental Associates,1-201-384-100,"West Church Street, Bergenfield, NJ, 07621",https://www.bergenfielddental.com/,,Drshahid@bergenfielddental.com
Best Smile Dental,(215) 965-1606,"4514 City Ave Suite C, Philadelphia, PA 19131, USA",https://www.dentistcityave.com/,Cherry Hill,
Bite Squad Dental of NYC | Pediatric and Family Dentist in Brooklyn,(718) 998-2424,"2464 Coney Island Ave f2, Brooklyn, NY 11223, USA",https://bitesquaddentalnyc.com/,Newark,
Blairstown Smile Studio,(908)362-7008,"807 NJ-94, Blairstown, NJ, 07825",https://blairstownsmilestudio.com/,,Blairstown.smile.studio@gmail.com
Bloomfield Dental Designs - Cosmetic Dentist & Implants,(973) 743-3930,"10 Washington St, Bloomfield, NJ 07003, USA",https://www.bloomfielddentaldesigns.com/,Newark,
Blue Dental,,NJ,,,
Bogota Dental Center,1-973-298-5856,"US 46, Totowa, NJ, 07512",https://www.bogotadentistry.com/location/nj/totowa,,
Branchburg Harmony Dental,,NJ,,,
Branchburg Pediatric Dentistry,,NJ,,,
Brdigewater Dental Group,,NJ,,,
Brickworks Dental,,"Harding Highway, Mays Landing, NJ, 08330",,,
Bright Family Dental,,"Broad Avenue, Palisades Park, NJ, 07650",,,
Bright Smile Orthodontics,1-201-794-9500,"Fair Lawn Avenue, Fair Lawn, NJ, 07410",https://brightsmileorthodontics.com/,,
Bright Star Sapphire,,"Broadway, NJ",,,
Brighter Dental,,NJ,,,
Brighter Dentist,,NJ,,,
Broadway Family Dental,(973) 955-2002,"15 Broadway suite 202, Passaic, NJ 07055, USA",https://maps.google.com/?cid=3578720289320452200,Paterson,
Brodway Dental Arts,,"Broadway, NJ",,,
Brookside Family Dental,19735666161,"Hoover Avenue, Bloomfield, NJ, 07003",,,
Browns Mills Dental Center,,"Juliustown Road, Browns Mills, NJ, 08015",,,
Brunswick Dental Group,,NJ,,,
Bruzzichesi Orthodontics,,NJ,,,
Bucks County Smiles,(267) 365-3004,"680 Heacock Rd #102, Yardley, PA 19067, USA",http://www.buckscountysmiles.com/?utm_source=yardley-pa-listing&utm_medium=gmb&utm_campaign=seo&utm_content=website,Trenton,
Burlington - Jersey Dental Group,(609) 281-1211,"1900 Mt Holly Rd #2c, Burlington, NJ 08016, USA",https://thejerseydentalgroup.com/locations/burlington/,Trenton,
"Burton, Alan M DMD",,"Paterson-Hamburg Turnpike, Wayne, NJ, 07470",,,
Camden Dental Associates,,"Market Street, Camden, NJ, 08103",,,
Campbell Lillian,,"Paterson-Hamburg Turnpike, Wayne, NJ, 07470",,,
Capitol Smiles Dental,,"South Warren Street, Trenton, NJ, 08608",,,
Caring Family Dental,,"Valley Road, Wayne, NJ, 07470",,,
Cedar Grove Dental,516-279-2922 ,"Cedar Grove Lane, Somerset, NJ, 08873",https://www.cedargrovedental.com/,,Patientcare@thesmilist.com
Center City Dental,(267) 713-3905,"1601 Walnut St # 720, Philadelphia, PA 19102, USA",https://www.centercitydentists.com/,Cherry Hill,
Central Ave Dental,(212) 571-0033,"225 Broadway # 705, New York, NY 10007, USA",https://www.centralavedentalny.com/,Elizabeth,
Central Dentistry,,NJ,,,
Central Jersey Prosthodontics,732-247-9190,"226 Raritan Avenue, Highland Park, NJ, 08904",https://www.centraljp.com/,,
Central Park Dentistry,(212) 486-6211,"30 Central Park S RM 2B, New York, NY 10019, USA",https://cpsdent.com/,Newark,
"Charles A. Evans, D.M.D. Dental Practice",,"Benson Avenue, Pennsville, NJ, 08070",,,
Charming Smile Dental,(201) 425-8600,"115 Christopher Columbus Dr #200, Jersey City, NJ 07302, USA",https://charmingsmiledental.com/,Elizabeth,
Cherry Hill Dental Excellence,(856) 428-2550,"31 Covered Bridge Rd, Cherry Hill Township, NJ 08034, USA",https://www.cherryhilldentalexcellence.com/,Camden,
Cherry Hill Family Dental,,NJ,,,
Cherry Hill Family Dental,(856) 857-0033,"1617 Kings Hwy N, Cherry Hill Township, NJ 08034, USA",https://cherryhillfamilydental.com/,Camden,
Choi Dental,,"Broad Avenue, Leonia, NJ, 07605",,,
Christie Mary,,"Valley Road, Wayne, NJ, 07470",,,
"Christopher J. Shyne DMD, FAGD, MAGD, LLC",1-609-587-8400,"Yardville Hamilton Square Road, Hamilton, NJ, 08690",http://doctorshyne.com,,
Chrystal Dental Care,,"Paterson-Hamburg Turnpike, Wayne, NJ, 07470",,,
Clear Smile,,NJ,,,
Cleary Dental Family & Cosmetic Dentistry,1-856-428-3050,"N Haddon Ave, Suite 7, Haddonfield, NJ, 08033",https://clearydental.com/,,
Clemente Orthodontics of Ridgewood,1-201-447-2888,"W Ridgewood Ave, Ridgewood, NJ, 07450",https://clementeorthodontics.com/ridgewood-location/,,contact@clementeorthodontics.com
Clementon Family Dentistry,1-856-783-4949,"White Horse Pike, Clementon, NJ, 08021",https://www.clementonfamilydentistry.com/,,
Clifton Dental Associates,1-973-779-1000,"Clifton Avenue, Clifton, NJ, 07013",https://cliftondental.com/,,
Clifton Dentist - Premiere Family Dental Care,(973) 773-0001,"1114 Clifton Ave, Clifton, NJ 07013, USA",https://cliftonsmile.com/,Newark,
Coastal Dental Group,(732) 714-1030,"Bridge Avenue, Point Pleasant, NJ, 08742",https://coastaldentalnj.com/,,doczeke167@aol.com
Colts Neck Smiles,1-732-431-800,"NJ 34, Colts Neck, NJ, 07722",,,office@coltsnecksmiles.com
Colts Neck Smiles - Dr. Dilini Peiris D.D.S.,,"NJ-34, Colts Neck, NJ, 07722",,,
Columbia Dental,,NJ,,,
Community Dental,,"Wellington Avenue, Ventnor City, NJ, 08406",,,
Community Dental of Salem,(856) 759-8973,"South Broadway, Pennsville, NJ, 08070",https://www.communitydentalsalem.com/,,
Complete Dental Works,(551) 377-3171,"104 Fort Lee Rd, Teaneck, NJ 07666, USA",https://www.completedentalworks.com/?utm_source=gmb&utm_medium=organic,Paterson,info-wny@completedentalworks.com
Complete Dental Works - Teaneck,201-836-4400,"Fort Lee Rd, Teaneck, NJ, 07666",https://www.completedentalworks.com,,
Comprehensive Dentistry,+1 732-556-9600,"Route 138 W, Wall Township, NJ, 07719",https://cosmeticandgeneraldentist.com/,,smile@cosmeticnj.com
Confidental Family and Cosmetic Dentistry,(201) 729-0900,"326 Garden St, Carlstadt, NJ 07072, USA",http://confidentalnj.com/,Paterson,
Corrie J Crowe DDS,+1 856-258-4025,"Springdale Road, Cherry Hill, NJ, 08003",https://www.drcrowedentistry.com/,,
Costello Oral Surgery Associates,,"Paterson-Hamburg Turnpike, Wayne, NJ, 07470",,,
Cozy Family Dental,,"Black Oak Ridge Road, Wayne, NJ, 07470",,,
Cranbury Dental Care,1-732-390-9093,"Brier Hill Court, East Brunswick, NJ, 08816",https://cranburydentalcare.com/,,cranburydentalcare@gmail.com
Cranford Smiles,908-272-0787,NJ,,,
Cross Keys Family Dental,,NJ,,,
Cute Smile,1-201-778-225,"Summit Avenue, Hackensack, NJ, 07601",https://cutesmilenj.com,,
D&G Dental of West Orange,(973) 731-2200,"667 Eagle Rock Ave 2nd Floor, West Orange, NJ 07052, USA",https://www.dgdental.com/,Elizabeth,
DDS Craig Abramowicz,732-432-5982,NJ,,,
DENTAL CENTER,,NJ,,,
Dalin Family Dentistry,1-732-323-9800,"NJ Route 70, Manchester, NJ, 08759",,,
"Daniel A. Nyhuis, DMD, PC",,NJ,,,
"David J. D’Apolito, D.M.D.",,"Rahway Avenue, Woodbridge, NJ, 07095",,,
"David W. Paulussen, DMD",+1 909 850 4200,"US Hwy 46 W, Hackettstown, NJ, 07840",,,
Dayspring & Macaluso,,"Paterson-Hamburg Turnpike, Wayne, NJ, 07470",,,
DeMartino Advanced Cosmetic & Laser Dentistry,,NJ,,,
Dear Tooth Fairy,,NJ,,,
Dent Blanche Dental,+1 609-890-1888,"Larwenceville Road, Princeton, NJ, 08540",https://www.dentblanchedental.com/,,dentblanchedental@gmail.com
Dent Blanche Dental,(609) 890-1888,"3640 Lawrenceville Rd, Princeton, NJ 08540, USA",http://www.dentblanchedental.com/,Trenton,dentblanchedental@gmail.com
Dental & Implant Center of Edgewater,1-201-943-4000,"River Road, Edgewater, NJ, 07020",https://www.dentist-edgewater.com,,
Dental Arts,,"Washington Street, Hoboken, NJ, 07030",,,
Dental Arts At Washington Township,,"Talon Court, Sewell, NJ, 08080",,,
Dental Arts Design,,NJ,,,
Dental Arts Group - Clementon,(856) 746-4544,"250 Gibbsboro Rd, Clementon, NJ 08021, USA",https://dagsmiles.com/clementon,Camden,elmer@dagsmiles.com; somerdale@dagsmiles.com
Dental Arts Group - Northeast Philadelphia,(267) 351-8089,"7052-56 Frankford Ave, Philadelphia, PA 19135, USA",https://dagsmiles.com/northeast-philadelphia/,Cherry Hill,
Dental Arts Of Haddonfield,1-856-429-5622,"Kings Highway West, Haddonfield, NJ, 08033",https://www.dentalartsofhaddonfield.com/,,dentalartshaddonfield@gmail.com
Dental Arts of Haddonfield,(856) 420-7893,"26 Kings Hwy W, Haddonfield, NJ 08033, USA",https://www.dentalartsofhaddonfield.com/,Camden,
Dental Arts of South Jersey,(856) 494-6035,"1001 Laurel Oak Rd STE C1, Voorhees Township, NJ 08043, USA",https://www.dentalartsofsouthjersey.com/,Camden,
Dental Associates,,NJ,,,
Dental Associates of Hoboken,,NJ,,,
Dental Care Hillsborough,,NJ,,,
Dental Care Princeton,(609) 651-4196,"301 N Harrison St, Princeton, NJ 08540, USA",https://www.godental365.com/location/nj/mercer-county/dental-care-princeton?utm_source=gbp&utm_medium=organic,Trenton,
Dental Care of Hopewell Crossing,,NJ,,,
Dental Concepts,,NJ,,,
"Dental Excellence, LLC",,NJ,,,
"Dental Group Of Morristown, LLC",,"Washington Street, NJ",,,
Dental Harmony of Hamilton,16099817145,"Nottingham Way, Hamilton, NJ, 08690",,,
Dental Health 360,,NJ,,,
Dental Health Associates,,"State Route 38, Lumberton, NJ, 08048",,,
Dental Horizons,,NJ,,,
Dental Office,,NJ,,,
Dental Solutions Market Street,(215) 792-2171,"722 Market St Fl 1, Philadelphia, PA 19106, USA",https://dentalsolutionscreatingsmiles.com/dentist-office/philadelphia-pa-19106?utm_source=Google&utm_medium=KnowledgePanel&utm_campaign=Website,Cherry Hill,
Dental Solutions of Deptford,(856) 375-1414,"1450 Clements Bridge Rd # 13, Woodbury, NJ 08096, USA",https://dentalsolutionscreatingsmiles.com/dentist-office/deptford-nj-08096?utm_source=Google&utm_medium=KnowledgePanel&utm_campaign=Website,Camden,
Dental Solutions of Voorhees,(856) 481-2307,"2 Sheppard Rd # 100, Voorhees Township, NJ 08043, USA",https://dentalsolutionscreatingsmiles.com/dentist-office/voorhees-nj-08043?utm_source=Google&utm_medium=KnowledgePanel&utm_campaign=Website,Camden,
Dental Solutions on 13th Street,(215) 995-6643,"201 S 13th St Fl 1, Philadelphia, PA 19107, USA",https://dentalsolutionscreatingsmiles.com/dentist-office/philadelphia-pa-19107?utm_source=Google&utm_medium=KnowledgePanel&utm_campaign=Website,Cherry Hill,
Dental Specialists of New Jersey,1973-577-5905,"Pompton Avenue, Verona, NJ, 07044",https://dentalspecialistsofnj.com/locations/verona,,info@dentalspecialistsofnj.com
Dental World,,NJ,,,
Dentist,,"Haddonfield-Berlin Road, Voorhees, NJ, 08043",,,
Dentist Staten Island- A. Christopher Bernardini D.D.S.,(718) 524-3019,"125 Old Town Rd, Staten Island, NY 10304, USA",https://christopherbernardinidds.com/,Newark,
Dentist Vineland - South Jersey Pediatric Dental,1-856-367-5234,"South Main Road, Vineland, NJ, 08360",https://www.sjpdental.com,,
Dentist on Madison,(212) 227-4600,"274 Madison Ave Rm 202, New York, NY 10016, USA",http://dentistonmadison.com/?utm_campaign=gmb,Union City,"info@dentistonmadison.com; Info@dentistonmadison.com, info@dentistonmadison.com"
Dentistry at 1818 Market Street,(215) 567-2666,"1818 Market St #100, Philadelphia, PA 19103, USA",http://www.centercitydentist.com/,Cherry Hill,
Dentistry for Children,,NJ,,,
Dentistry for Life,(215) 575-0550,"1601 Walnut St # 1217, Philadelphia, PA 19102, USA",https://dentistryforlife.net/?utm_source=google&utm_medium=organic&utm_campaign=gmb-listing,Camden,
Dentistry for Special People,,"Fries Mill Road, Blackwood, NJ, 08012",,,
Dentistry of South Jersey,,"South Broadway, Pennsville, NJ, 08070",,,
Deptford Family Dental,(856) 848-6006,"2000 Clements Bridge Rd, Deptford, NJ 08096, USA",http://deptfordfamilydental.com/,Camden,
Designer Smile,,"Paterson-Hamburg Turnpike, Wayne, NJ, 07470",,,
Di Taranto Dan P DDS,,"Paterson-Hamburg Turnpike, Wayne, NJ, 07470",,,
Diamond Braces,,"E. McFarlan Street, Dover, NJ, 07801",,,
Diamond Braces,,NJ,,,
Diamond Braces Orthodontist: Braces & Invisalign,,"West Main Street, NJ",,,
Diamond District Dental NYC,(212) 759-5595,"10 W 46th St #1401, New York, NY 10036, USA",https://www.dddentalnyc.com/,Elizabeth,
Diane C Blau DMD,,"Paterson-Hamburg Turnpike, Wayne, NJ, 07470",,,
Dimension Dental,,NJ,,,
Doctors of Dental Medicine,,NJ,,,
"Donald C. Bogert, Jr., DMD",,NJ,,,
"Donald J. Miliner, DDS",,"West State Street, Trenton, NJ, 08618",,,
Dr Lesser,,"Paterson-Hamburg Turnpike, Wayne, NJ, 07470",,,
Dr Tyl,,NJ,,,
Dr. A.W. Baghal Family Dentistry,,"NJ-23, Wayne, NJ, 07470",,,
"Dr. Albert F. Kuchler Jr, DMD",,"Paterson-Hamburg Turnpike, Wayne, NJ, 07470",,,
Dr. Amy James & Associates Orthodontists,,"North Haddon Avenue, Haddonfield, NJ, 08033",,,
Dr. Angela Aaron Dental,,"Franklin Turnpike, Waldwick, NJ, 07463",,,
"Dr. Arthur Yeh & Associates | Dentist in Montclair, NJ | General & Cosmetic Dentistry",(973) 338-9595,"1460 Broad St, Bloomfield, NJ 07003, USA",https://www.drarthuryeh.com/,Newark,
Dr. Deepa Rupani DMD,,"Ratzer Road, Wayne, NJ, 07470",,,
Dr. Dennis Rivera,,"Paterson-Hamburg Turnpike, Wayne, NJ, 07470",,,
Dr. Dental,+1 732-248-3368,"US Highway 1 South, Edison, NJ, 08817",https://www.mydrdental.com/location/new-jersey/edison/,,
Dr. Dental: Dentistry & Braces,(201) 641-5240,"500 S River St, Hackensack, NJ 07601, USA",https://www.mydrdental.com/location/new-jersey/hackensack/,Newark,
Dr. Dental: Dentistry & Braces,(201) 623-3355,"542 New York Ave, Lyndhurst, NJ 07071, USA",https://www.mydrdental.com/location/new-jersey/lyndhurst/,Newark,
Dr. Dental: Dentistry & Braces,(973) 531-4444,"41 Ackerman Ave, Clifton, NJ 07011, USA",https://www.mydrdental.com/location/new-jersey/dr-dental-dentist-clifton-nj/,Paterson,
"Dr. Frank DiCicco, DMD",,"Ratzer Road, Wayne, NJ, 07470",,,
"Dr. Frank Ferrara, DMD",,"Ratzer Road, Wayne, NJ, 07470",,,
"Dr. Harry A. Long, DMD",,"Ratzer Road, Wayne, NJ, 07470",,,
"Dr. Heather K. Sculthorpe, DMD",,"Paterson-Hamburg Turnpike, Wayne, NJ, 07470",,,
Dr. Hyon K. Yoo,,"Paterson-Hamburg Turnpike, Wayne, NJ, 07470",,,
Dr. James M. Fegan,,NJ,,,
"Dr. Jay A. Zimmerman, DMD",+1 973-635-9515,"Sheffield Street, Mountainside, NJ, 07092",https://www.jayzimmermandentist.com/,,
Dr. Jeffrey M. Falduto Family Dentistry,(973) 696-4200,"8 Chapel Hill Rd Lincoln Park, NJ 07035",https://www.jeffreymfaldutodmd.com,,office@jfalduto.com
"Dr. John A. Fizer, DDS",,"Market Street, Trenton, NJ, 08608",,,
Dr. Joseph A. Checchio Dentistry,856-270-2203,"Mullica Hill Road, Mullica Hill, NJ, 08062",,,
"Dr. Lori A. Vanderwende-Perrone, DMD",,"Paterson-Hamburg Turnpike, Wayne, NJ, 07470",,,
Dr. Lori Vanderwende-Bleeker DMD PA,,"Paterson-Hamburg Turnpike, Wayne, NJ, 07470",,,
"Dr. Mariana C. Elwell DDS, MAGD, ABGD",1-856-455-4095,"Franklin Street, Bridgeton, NJ, 08302",https://www.mybridgetondentist.com/,,
Dr. Nasir General Dentistry,(973) 483-5902,"701 Frank E Rodgers Blvd N #5, Harrison, NJ 07029, USA",https://nasirdds.com/,Newark,
Dr. R. M. Brown Dentistry,,NJ,,,
Dr. Shoshana Sperling,,"Berdan Avenue, Wayne, NJ, 07470",,,
"Dr. Suzanne Grubowski, Family & Cosmetic Dentistry",,NJ,,,
"Dr. Thomas M. Scorziello, DMD",,"Paterson-Hamburg Turnpike, Wayne, NJ, 07470",,,
Dunn Dental,,NJ,,,
Dynamic Dental Arts,,"Paterson-Hamburg Turnpike, Wayne, NJ, 07470",,,
Dzemaludin Harba Family Dentistry,2016701765,"West Midland Avenue, Paramus, NJ, 07652",,,
East Madison Dental,+1 201-501-8282,"East Madison Avenue, Dumont, NJ, 07628",https://www.emdental.com/dumont-nj/,,
East Madison Dental,+1 201-735-1190,"Piermont Road, Tenafly, NJ, 07670",https://www.emdental.com/tenafly-nj/,,
East Madison Dental - Dumont,(551) 266-5443,"79 E Madison Ave, Dumont, NJ 07628, USA",https://www.emdental.com/dumont-nj/?utm_campaign=gmb&utm_medium=local&utm_source=google,Paterson,
Eastern Dental,,"Parkway Avenue, Ewing, NJ, 08628",,,
Eastern Dental,(609) 362-3103,"1330 Parkway Ave, Ewing Township, NJ 08628, USA",http://easterndental.com/offices/ewing-nj?y_source=1_NDk4OTc3NS03MTUtbG9jYXRpb24ud2Vic2l0ZQ==,Trenton,
Eastern Dental,,"Route 37 West, NJ",,,
Eastern Dental,,NJ,,,
Eastern Dental,(609) 807-2141,"520 Lawrence Square Blvd S, Lawrence Township, NJ 08648, USA",http://easterndental.com/offices/lawrenceville-nj?y_source=1_NDk4OTc4Ni03MTUtbG9jYXRpb24ud2Vic2l0ZQ==,Trenton,
Eastern Dental - Manahawkin,,NJ,,,
Elite Orthodontics,,"Berdan Avenue, Wayne, NJ, 07470",,,
Elizabeth Dental Care,+1 908-353-0900,"Westfield Avenue, Elizabeth, NJ, 07208",http://www.elizabethdentalcare.net,,
Elizabeth Oral Surgery Group,1-908-585-4990,"N Broad St, #2C, Elizabeth, NJ, 07208",https://elizabethoralsurgerygroup.com/,,contact@elizabethoralsurgerygroup.com
Elm Dental,1-609-561-1121,"White Horse Pike, Hammondton, NJ, 08037",https://www.zdental.net/elm-dental-associates/,,
Emergency Dentist of Hawthorne NJ,1-973-323-2235,"Lafayette Avenue, Hawthorne, NJ, 07506",https://emergencydentisthawthornenj.com/,,
Emerson Family Dental,,"Old Hook Road Suite, Emerson, NJ, 07630",,,
"Esteban Barrera, D.D.S.",,NJ,,,
"Ewa Awad, D.D.S.",,NJ,,,
"Exclusive Oral Surgery, LLC",,"Paterson-Hamburg Turnpike, Wayne, NJ, 07470",,,
Family & Cosmetic Dentistry,,"Ernston Road, Parlin, NJ, 08859",,,
Family & Cosmetic Dentistry,,NJ,,,
Family Dental - Dr. Ira Bauman,(732) 264-3865,"East Front Street, Keyport, NJ, 07735",http://www.keyportdentist.com/,,
Family Dental Associates of Brookdale,,"Broad Street, Bloomfield, NJ, 07003",,,
Family Dental Care of South Jersey,(856) 309-2244,"707 County Rte 561 unit b, Voorhees Township, NJ 08043, USA",http://www.familydentalcareofsouthjersey.com/,Camden,fdcsjrecords@gmail.com
Family Dental Group,,"Washington Avenue, Belleville, NJ, 07109",,,
Family Dental-Medical Center,,"Paterson-Hamburg Turnpike, Wayne, NJ, 07470",,,
Family Dentist,,NJ,,,
Family Dentist D.D.S.,,NJ,,,
Family Dentistry,,"East Main Street, Marlton, NJ, 08053",,,
Family Dentistry,(201) 438-5100,"30 Ames Ave, Rutherford, NJ 07070, USA",https://www.dentistryrinconlorenzo.com/,Newark,
Family Dentistry,1-908-850-8660,"US 46, Hackettstown, NJ, 07840",,,
Family Dentistry,,"Barclay Farm Shopping Center, Cherry Hill, NJ, 08034",,,
Family Dentistry,,"Beachwood Boulevard, Beachwood, NJ, 08722",,,
Family Dentistry 2000,,"North 6th Street, Newark, NJ",,,
Family Dentistry of Edison,+1 732-548-9400,"Parsonage Road, Edison, NJ, 08837",http://www.toothdoctors.net/,,
Family Friendly Dental,,NJ,,,
Family and Cosmetic Dentistry,,NJ,,,
Fanwood Dental Group,,NJ,,,
Fine Dental Care,,"Valley Road, Wayne, NJ, 07470",,,
Fishtown Dentistry,(215) 739-2543,"244 E Girard Ave, Philadelphia, PA 19125, USA",http://www.fishtowndentistry.com/,Cherry Hill,
Five Points Family Dentistry,(609) 386-5700,"1303 Mt Holly Rd, Burlington, NJ 08016, USA",https://fivepointsdentalnj.com/?utm_source=Google_website&utm_medium=Next,Trenton,fivepointsfamilydentistry@gmail.com
Frank Batastini Orthodontics,,"Fries Mill Road, Blackwood, NJ, 08012",,,
Frank R. DePaola DDS & Associates,1-201-792-9400,"Maxwell Lane, Hoboken, NJ, 07030",https://thesmilist.com/hoboken-dentist/,,
Franklin Corner Dental Group,(609) 896-0100,"96 Franklin Corner Rd, Lawrenceville, NJ 08648, USA",https://www.franklincornerdentalgroup.com/?utm_source=gbp&utm_medium=organic&utm_campaign=gbp-listing,Trenton,
Franklin Lakes Orthodontics,,"Paterson-Hamburg Turnpike, Wayne, NJ, 07470",,,
Franklinville Family Dentistry,1-856-694-5555,"Delsea Drive, Franklinville, NJ",,,
Friendly Dental,,"Oxford Lane, Aberdeen Township, NJ, 07747",,,
Furie Periodontics & Implants,,NJ,,,
Galloway Dental Group,,NJ,,,
Ganttown Dental,,"Ganttown Road, Sewell, NJ, 08080",,,
Garden State Dental,732-276-4135,NJ,,,
"Garden State Dental Design / Arthur Szabela, D.D.S.",732-669-7227,"Raritan Road, Clark, NJ, 07066",https://www.gardenstatedentaldesign.com/,,
Garden State Smiles,(609) 689-2660,"3100 Quakerbridge Rd #5, Hamilton Township, NJ 08619, USA",https://gardenstatesmileshamilton.com/,Trenton,
Garwood Dental Excellence,,NJ,,,
Gentle Dental Spa,,NJ,,,
Gentle Family Dentristy,+1 973-691-1200,"US-46, Budd Lake, NJ, 07828",https://www.buddlakedental.com/,,
Gersch Orthodontics,,"East Broad Street, Westfield, NJ, 07090",,,
Gerstenfield Dental,,NJ,,,
Gibbstown Dentistry,+1 856-599-1350,"Harmony Road, Gibbstown, NJ, 08027",https://www.gibbstowndentistry.com/,,
Glamorous Smile Dental Spa,1-973-912-9091,"Morris Avenue, Springfield, NJ, 07081",https://www.glamoroussmiledentalspa.com/,,
Glamorous Smile Dental Spa,1-732-588-8238,"NJ 66, Neptune City, NJ, 07753",https://glamoroussmiledentalspa.com/,,ayman_khourshed@yahoo.com
Glassboro Dentistry,,NJ,,,
Glickman & Christensen Premier Dentistry,,"Franklin Turnpike, Waldwick, NJ, 07463",,,
Glow Dental Spa,,"Paterson-Hamburg Turnpike, Wayne, NJ, 07470",,,
"Glow Dental Spa: Behshad Ahkami, DDS",,"Paterson-Hamburg Turnpike, Wayne, NJ, 07470",,,
Good Morning Dental,(201) 820-3600,"218 Main St Fl 4, Hackensack, NJ 07601, USA",http://goodmorningdentalnj.com/,Paterson,"goodmorningdentalnj@gmail.com; hi@typemade.mx, dave@lab6.com, goodmorningdentalnj@gmail.com"
Good Morning Dental,1-201-820-3600,"Main Street, Hackensack, NJ, 07601",https://goodmorningdentalnj.com,,
Gorski Kenneth N DDS,,"Valley Road, Wayne, NJ, 07470",,,
Great Smiles of Elizabeth,(908) 352-7730,"North Broad Street, NJ, 07208",,,
Greater Essex Dental,973-524-6880,"Branford Place, Newark, NJ, 07102",https://greateressexdental.com/,,hello@greateressexdental.com
Greg's Dentist,,"Broad Street, Bloomfield, NJ, 07003",,,
Grieder-Robert Melissa DDS,,"Ratzer Road, Wayne, NJ, 07470",,,
Grove Dental Centre,,NJ,,,
Hackensack Dentist,(201) 578-5923,"433 Essex St, Hackensack, NJ 07601, USA",https://hackensackdentistsnj.com/?utm_source=gmb&utm_medium=organic&utm_campaign=gmb-listing&utm_id=listing,Newark,hdentistnj@gmail.com
Hamilton Dental Associates,,NJ,,,
Hamilton Dental Associates,(609) 997-6062,"2929 Klockner Rd, Hamilton Township, NJ 08690, USA",https://www.hamiltondental.com/?utm_source=google&utm_medium=organic&utm_campaign=1seo_gmb,Trenton,info@hamiltondental.com
Harrison Family Dentist,(973) 241-5900,"300 Harrison Ave, Harrison, NJ 07029, USA",https://www.harrisonfamilydentistnj.com/,Newark,
Hawthorne Dental Associates,,"Lafayette Avenue, NJ",,,
Hazlet Family Dental,1-732-264-8004,"NJ 35, Hazlet Township, NJ, 07730",,,
Heritage Dental,,NJ,,,
Hillcrest Dental,,NJ,,,
Ho-Ho-Kus Dental Associates,,"North Maple Avenue, NJ",,,
Hoboken Family Dental,,NJ,,,
Hoboken Orthodontics,,NJ,,,
Holly Beach Dental Associates,,NJ,,,
Hung Chung Y DDS,,"Valley Road, Wayne, NJ, 07470",,,
I Smile Dental,,"North Broad Street, Trenton, NJ, 08608",,,
Ideal Smile Dental - Bensalem,(215) 859-5555,"3200 Bristol Rd, Bensalem, PA 19020, USA",https://www.createidealsmile.com/,Trenton,info@createidealsmile.com
Implant Dentistry Center,,NJ,,,
InSmile Dentistry,,"Georgetown Franklin Turnpike, Skillman, NJ, 08558",,,
Integrated Dental Aesthetics,1-973-838-4460,"Keil Avenue, Kinnelon, NJ, 07405",https://www.doctorlogan.com/,,
"Irfan Farhat, DDS",,"Paterson-Hamburg Turnpike, Wayne, NJ, 07470",,,
"Isaac Menasha, DDS",1-908-486-8809,"W. Saint Georges Avenue, Linden, NJ, 07036",https://imdentistry.com/,,
Itsy Bitsy Dental,,NJ,,,
Ivory Dental Center,,"Paterson-Hamburg Turnpike, Wayne, NJ, 07470",,,
JSC Dentistry,,"Berdan Avenue, Wayne, NJ, 07470",,,
JSC Dentistry / Frank J. Russo DMD,,"Berdan Avenue, Wayne, NJ, 07470",,,
Jacob Dental Center,,"Kaighn Avenue, Camden, NJ, 08103",,,
Jager Dentistry,,NJ,,,
"James Choe, D.D.S",,"Hamburg Turnpike, Wayne, NJ, 07470",,,
"Jeannette Morris, DDS - Marko Jeftic, DMD",,"Fries Mill Road, Blackwood, NJ, 08012",,,
Jefferson Dental Associates,(215) 955-6666,"834 Chestnut St # 415, Philadelphia, PA 19107, USA",http://www.jeffdent.net/,Cherry Hill,Frontdesk@jeffdent.net
Jersey Brothers Dental,,"Spotswood-Englishtown Road, Monroe Township, NJ",,,
Jersey City Dental Spa,1-201-451-1600,"Montgomery Street, Jersey City, NJ, 07302",https://www.dentalnspa.com,,
Joel M Richterman Dental,(856) 678-5866,"North Broadway, Pennsville, NJ, 08070",https://www.richtermandental.com/,,
John J. Choi DDS,1-201-660-7871,"Sylvan Avenue, Englewood Cliffs, NJ, 07632",https://www.renuperio.com/,,
Johnson Bryan D DDS,,"Paterson-Hamburg Turnpike, Wayne, NJ, 07470",,,
Johnson Bryan D DMD: Wayne Pediatric Dental Care,,"Paterson-Hamburg Turnpike, Wayne, NJ, 07470",,,
"Joseph A. Battaglia, MS, D.M.D.",,"Paterson-Hamburg Turnpike, Wayne, NJ, 07470",,,
Journal Square Dental,1-201-656-2221,"1 Journal Square Plaza, Jersey City, NJ, 07306",https://www.journalsquaredental.com/,,contact@journalsquaredental.com
Journal Square Dental - Cosmetic & General Dentist,(201) 656-2221,"1 Journal Square Plaza, Jersey City, NJ 07306, USA",https://www.journalsquaredental.com/?utm_source=google&utm_medium=organic&utm_campaign=gmb,Elizabeth,
KUSER FAMILY DENTAL,(609) 585-8480,"1771 Kuser Rd, Hamilton Township, NJ 08690, USA",http://kuserfamilydental.com/,Trenton,info@kuserfamilydental.com
Kadar Orthodontics,,"Egg Harbor Road, Sewell, NJ, 08080",,,
"Karen Katz DMD, Family and Cosmetic Dentistry",,"Ratzer Road, Wayne, NJ, 07470",,,
Kenilworth Dental Associates,,"Boulevard, Kenilworth, NJ, 07033",,,
Klele Luke T DMD,,"Paterson-Hamburg Turnpike, Wayne, NJ, 07470",,,
Kurpis Center for Advanced Dentistry,,NJ,,,
LSH Dental,,"Throckmorton Lane, Old Bridge, NJ, 08857",,,
Lafayette Family Dental Care,,NJ,,,
Lake Family Dentistry,,NJ,,,
Lakehurst Dental,,NJ,,,
Lakeview Dental Care of Cherry Hill,(856) 424-3335,"101 Marlton Pike East, Cherry Hill Township, NJ 08034, USA",https://thesmilist.com/dentist-locations/new-jersey/cherry-hill-dentist/,Camden,
Lakeview Dental Care of Haddon Heights,(856) 546-0665,"209 White Horse Pike, Haddon Heights, NJ 08035, USA",https://thesmilist.com/dentist-locations/new-jersey/haddon-heights-dentist/,Camden,
Lakeview Dental Care of Washington Township,(856) 302-7026,"5650 NJ-42, Blackwood, NJ 08012, USA",https://thesmilist.com/dentist-locations/new-jersey/blackwood-dentist/,Camden,
Last John M DDS,,"Ratzer Road, Wayne, NJ, 07470",,,
"Laura Randolph, DMD",1-201-327-1976,"North Franklin Turnpike, Ramsey, NJ, 07446",https://www.drlaurarandolph.com/,,dr.lauraannrandolph@gmail.com
Laurence Breiterman,,"Paterson-Hamburg Turnpike, Wayne, NJ, 07470",,,
Lawrence Dental Group,(609) 895-8844,"3100 Princeton Pike Bldg. 4 ,Ste. E, Lawrenceville, NJ 08648, USA",http://www.lawrencedental.com/,Trenton,
Legacy Family Dental,+1 973-263-6400,"Rt 46, Budd Lake, NJ, 07828",https://www.lfdnj.com/,,
Leonia Dental,,"Broad Avenue, Leonia, NJ, 07605",,,
Levittown Family Dental Associates,(215) 960-9628,"359 Indian Creek Dr, Levittown, PA 19057, USA",https://levittownfamilydental.com/,Trenton,lfdawork@levittownfamilydental.com
Life Ok Dental LLC,973-887-3000,"Reynolds Avenue, Parsippany-Troy Hills Township, NJ, 07054",https://www.politedentalcare.net/,,
Life Smile Dentistry,,"Paterson-Hamburg Turnpike, Wayne, NJ, 07470",,,
Lincroft Oral Surgery,732-842-5915,"515 Newman Springs Road, Lincroft, NJ, 07738",https://www.lincroftoralsurgery.com/,,info@oralsurgery.support
Livy Dental,1-732-296-1010,"Livingston Avenue, New Brunswick, NJ, 08901",https://www.livydental.com/,,info@livydental.com
Lupo Marie,,"Berdan Avenue, Wayne, NJ, 07470",,,
Madison Ave Dental,,NJ,,,
Madison Dentistry & Implant Center,973-822-8003_973-822-8006,"268 Main Street, Madison, NJ, 07940",https://madisondentistryllc.com/,,frontdesk@madisondentistryllc.com_madisondentistryllc@gmail.com
Maiden Lane Dental,(212) 509-4585,"80 Maiden Ln #702, New York, NY 10038, USA",https://maidenlanedental.com/,Elizabeth,info@maidenlanedental.com
Main St. Dental,,NJ,,,
Main Street Dental,,"North Broadway, Pennsville, NJ, 08070",,,
Manicone Nancy,,"Valley Road, Wayne, NJ, 07470",,,
Manville Dental Group,,"Washington Avenue, Manville, NJ, 08835",,,
Manville Family Dental,1-908-725-900,NJ,,,
"Marc H. Berley, DMD",+1 732-531-8020,"NJ-35, Ocean Township, NJ, 07712",https://www.ocean-newjersey-dentist.com/,,
"Marian Farag, D.M.D.",,NJ,,,
Marini & Manci,+1 (201) 864-8510,NJ,https://www.mariniandmanci.com/,,
Mark Sandler Dentistry,,NJ,,,
Marlen Elite Dental Wellness,201-880-6736,"Kinderkamack Road, Suite 306, River Edge, NJ, 07661",https://www.marlenelitedental.com/,,
Marshall Kevin D DDS,,"Mountainview Boulevard, Wayne, NJ, 07470",,,
Master Dentistry Center,(201) 758-7834,"8412 John F. Kennedy Blvd, North Bergen, NJ 07047, USA",https://maps.google.com/?cid=5478357398253113237,Paterson,MasterDcenter@gmai.com
Maya Fuchs,,NJ,,,
McCartin Christopher DMD,,NJ,,,
Medical Park Dentistry,,"Ratzer Road, Wayne, NJ, 07470",,,
Mee Dental,2019479900,NJ,,,
Mercer Oral Surgery,,"Nami Lane, Hamilton Township, NJ, 08619",,,
Mercerville Family Dental,(609) 890-0810,"2211 Whitehorse Mercerville Rd, Mercerville, NJ 08619, USA",http://www.mercervillesmiles.com/,Trenton,
Midland Family Dental Care,(973) 340-4484,"765 Midland Ave, Garfield, NJ 07026, USA",https://www.midlandfamilydental.com/,Paterson,
Midtown Dental Group,201-639-3483,"75 Montgomery St Ste 503, Jersey City, NJ 07302",https://midtowndentalgroup.com/,,jerseycity@midtowndentalgroup.com
Mini Dental Implant Solutions,,"Hamburg Turnpike, Wayne, NJ, 07470",,,
Modern Dental Vision,,"North Olden Avenue, Trenton, NJ, 08638",,,
Modern Micro Endodontics,,"Washington Street, Hoboken, NJ, 07030",,,
Montague Dental,+1 973 293 3404,NJ,https://www.montaguedental.com/,,info@drduddy.com
Montclair Dental Center,,"Bloomfield Avenue, NJ",,,
Montclair Dental Spa,973-744-1527,"Claremont Ave, Montclair, NJ, 07042",https://montclairdentalspanj.com,,
Montclair Pediatric Dental Care,,NJ,,,
Montclair South Dental Associates,,NJ,,,
"Morrone, Kaye, & Yucha Orthodontics",,NJ,,,
Mount Olive Family Dental,+1 973-584-5550,"Flanders - Bartley Road, Flanders, NJ, 07836",https://www.flandersdentist.com/,,
Mountain View Dental Art & Implant Center,,NJ,,,
Mt Laurel Dental and Implant Center,+1 856-778-0022,"Union Mill Road, Mt Laurel Township, NJ, 08054",https://www.mtlaureldental.com,,
My NYC Dentist - 34th Street Dental,(212) 564-8164,"225 W 35th St # 2, New York, NY 10001, USA",http://www.mynyc-dentist.com/,Newark,
My New Jersey Dentist,(201) 425-9580,"385 Prospect Ave Suite 304, Hackensack, NJ 07601, USA",https://mynjdentist.com/,Newark,info@mynjdentist.com
My Orthodontist,,NJ,,,
My Smile Dental,(201) 880-7744,"101 US-46, Saddle Brook, NJ 07663, USA",http://mysmiledental.org/,Paterson,Office@mysmiledental.org; massoportalesweb2024@gmail.com
NJ Root Canal,,"Paterson-Hamburg Turnpike, Wayne, NJ, 07470",,,
Natoli Dental,,"Fries Mill Road, Blackwood, NJ, 08012",,,
Neptune Family Dental,,NJ,,,
New Jersey Dental Arts,19737437575,"Broad Street, Bloomfield, NJ, 07003",https://www.newjerseydentalarts.com/,,
New Providence Dentistry,(908) 376-9297,"571 Central Ave suite 100, New Providence, NJ 07974, USA",http://www.newprovidencedentistry.com/,Elizabeth,
New Smile Dentistry - Husniye Dogan,(973) 253-3500,"225 Lakeview Ave, Clifton, NJ 07011, USA",https://cliftonnewsmiledentistry.com/,Newark,cliftonnewsmiledentistry@gmail.com
New York Dental Office,(212) 548-3261,"245 E 63rd St #110, New York, NY 10065, USA",https://www.newyorkdentaloffice.com/,Newark,
New York General Dentistry,(212) 838-0842,"133 E 58th St Ste 409, New York, NY 10022, USA",https://newyorkgeneraldentistry.com/?utm_source=GMBlisting&utm_medium=organic,Newark,
Newport Centre Dental,,NJ,,,
Next Level Dental,1-201-339-8019,"Avenue C, Bayonne, NJ, 07002",https://www.nextleveldentalnj.net,,
"Nicholas J. Tria, DMD",,"Valley Road, Wayne, NJ, 07470",,,
Noble Dental Care,(718) 965-1144,"472 5th Ave, Brooklyn, NY 11215, USA",http://www.myparkslopedentist.com/,Elizabeth,info@myparkslopedentist.com
North Brunswick Family Dental & Orthodontics,,NJ,,,
North Jersey Endontics: Lubit Fredric A DDS,,"Paterson-Hamburg Turnpike, Wayne, NJ, 07470",,,
North Jersey Oral Surgeons,,"Paterson-Hamburg Turnpike, Wayne, NJ, 07470",,,
North Jersey Orthodontics: Dr. Elizabeth Ellen,,"Woodstock Drive, Wayne, NJ, 07470",,,
Nova Dental,,"Bloomfield Avenue, Newark, NJ, 07107",,,
N√úVA Smile,(551) 525-6636,"174-176 Main St, Ridgefield Park, NJ 07660, USA",https://www.nuvasmile.com/locations/ridgefield-park-office/,Paterson,
Oakwood Dental,,NJ,,,
Ocean Dental Care,,NJ,,,
Omega Dental Clinic,,NJ,,,
Ortho One,,"Haddonfield-Berlin Road, Voorhees, NJ, 08043",,,
Orthodontic Specialist PC,(732) 548-5008,"Middlesex Avenue, Metuchen, NJ, 08840",https://orthospecialistpc.com/,,
Pablo Acuna Dental Group,,"Washington Avenue, Belleville, NJ, 07109",,,
Palisades Dental Care,(201) 279-0440,"47 E Madison Ave, Dumont, NJ 07628, USA",https://palisadesdentalcare.com/?UTM_source=GMB_listing&UTM_medium=organic,Paterson,smile@palisadesdentalcare.com
Papasikos Orthodontist,,NJ,,,
Paramus Park Dental,,NJ,,,
Park Avenue Gentle Dental: Dr. Harsha Patel DDS,1-908-756-1009,"Park Avenue, Plainfield, NJ, 07060",https://www.harshagentledental.com/,,
Park North Dentistry,(718) 783-1700,"31 8th Ave Ste 1, Brooklyn, NY 11217, USA",https://parknorthdentistry.com/,Newark,drgilroy@parknorthdentistry.com
Park Slope Dentistry Seventh Avenue,(718) 550-1284,"357 7th Ave, Brooklyn, NY 11215, USA",https://slopedental.com/,Elizabeth,office@slopedental.com
Parkway Dental,,"South Crescent Boulevard, Camden, NJ, 08105",,,
Parsippany Family Dental,1-973-263-1770,"Route 46 West, Parsippany, NJ, 07054",,,
Paterno Orthodonics,,"Mount Laurel Road, Mount Laurel, NJ, 08054",,,
Paterson Family Dental,,NJ,,,
Pediatric Dental Associates,1-201-652-7020,"South Maple Avenue, Ridgewood, NJ, 07450",https://pdaridgewood.com/,,
Peninsula Advanced Dentistry,732-542-2326,"Main Street, Eatontown, NJ, 07724",http://www.peninsulaadvanceddentistry.com/,,
Pennington Dental Associates,(609) 737-0288,"31 N Main St, Pennington, NJ 08534, USA",https://www.penningtondentalcenter.com/,Trenton,
Pennsylvania Dental Group,(215) 387-0883,"3700 Market St #101, Philadelphia, PA 19104, USA",http://www.padentalgroup.com/,Cherry Hill,
Pequannock Valley Dental,,NJ,,,
Periodontics & Implant Center,,NJ,,,
Personalized Dentistry,,"Ernston Road, Parlin, NJ, 08859",,,
Philadelphia Dental - Broad St,(215) 336-8391,"1732 S Broad St, Philadelphia, PA 19145, USA",https://www.philadelphiadental.com/,Cherry Hill,
Philadelphia Dental Associates,(215) 564-9010,"2000 Market St BSA 2, Philadelphia, PA 19103, USA",https://www.philadelphiadentalassociates.com/,Cherry Hill,philadelphiadentalassociates@gmail.com
Philadelphia Dentistry,(215) 568-6222,"1601 Walnut St #1302, Philadelphia, PA 19102, USA",https://www.phillydentistry.com/,Cherry Hill,
Piekarsky Orthodontic Associates,,"Hinchman Avenue, Wayne, NJ, 07470",,,
Pierri Joseph F DDS,,"Paterson-Hamburg Turnpike, Wayne, NJ, 07470",,,
Plaza Dentistry,(201) 833-6847,"1382 Queen Anne Rd, Teaneck, NJ 07666, USA",https://www.plazadentistry.com/?utm_source=local&utm_medium=organic&utm_campaign=gbp_home,Jersey City,teaneckplazadentistry@gmail.com
Pleasant Avenue Dental,(201) 518-3053,"141-148 W Pleasant Ave, Maywood, NJ 07607, USA",http://www.pleasantavenuedental.com/,Paterson,"Info@PleasantAvenueDental.com; Info@PleasantAvenueDental.com, contact@sansoxygen.com"
Pompton Dental Arts,,"Ringwood Avenue, Pompton Lakes, NJ, 07442",,,
Popeck Family Dentistry,856-678-6393,"North Broadway, Pennsville, NJ",https://www.pennsvillecosmeticdentist.com/,,
Poussin Dental,+1 908-232-3550,"Saint Paul Street, Westfield, NJ, 07090",https://poussindental.com,,care@poussindental.com
Premier Arts Dental,1-732-702-2787,"US 9, Freehold Township, NJ, 07728",https://www.premierartsdental.com/,,
Premiere Dental of Northeast Philadelphia - Family Dentistry,(215) 965-1617,"3330-66 Grant Ave, Philadelphia, PA 19114, USA",https://www.premieredental.com/,Camden,abington@premieredental.com
Premiere Dental of West Deptford,+1 856-845-3299,"Jessup Road, West Deptford, NJ, 08086",https://www.premieredental.com/west-deptford-nj/,,wdeptford@premieredental.com
Prestige Dental,1-973-828-8397,"Clifton Avenue, NJ",,,
Prestige Dental,1-862-777-9439,"Clifton Avenue, Clifton, NJ, 07013",https://drdoktorman.com/,,
Prime Dentistry of Northeast Philadelphia,(215) 742-1200,"6818 Castor Ave, Philadelphia, PA 19149, USA",https://www.primedentistry.net/,Cherry Hill,info@primedentistry.net
Princeton Center for Dental Aesthetics and Implants,,NJ,,,
Princeton Smile Dental Studios,(609) 951-9595,"10 Jefferson Plaza STE 200, Princeton, NJ 08540, USA",http://princetonsmile.com/?utm_source=google&utm_medium=organic&utm_campaign=businessprofile,Trenton,
Prospect Park Family Dentistry,(610) 822-9224,"907 Lincoln Ave, Prospect Park, PA 19076, USA",https://www.prospectparkdentistry.com/,Camden,
R.J. Taverna,,NJ,,,
Ram Dental Associates PA,,NJ,,,
Rand Center for Dentistry,+1 973-370-8917,"US 206, Flanders, NJ, 07836",https://www.randdental.com/,,frontdesk@RandDental.com
Rao's Family Dental,,"East Main Street, Ramsey, NJ, 07446",,,
Raritan Dental Care Inc,,"W. Somerset Street, Raritan, NJ, 08869",,,
Real Smile Dental,,NJ,,,
Richard C. Genung. Family & Cosmetic Dentistry,,NJ,,,
Richard L Lachenmayr & Associates,,"3rd Avenue, Alpha, NJ, 08865",,,
Richland Creek Dental,,NJ,,,
Ridge Family Dentistry,,NJ,,,
Ridgewood Dental Associates,,NJ,,,
Riki T. Kreitman DMD,,"South 4th Avenue, Highland Park, NJ, 08904",,,
RiteSmile Dental,,NJ,,,
Riverdale Family Dentistry,(718) 601-0100,"3525 Riverdale Ave, Bronx, NY 10463, USA",https://www.riverdalefamilydentalpc.com/,Passaic,Appointments.RD@gmail.com
Riverpark Dental Howell,(732) 751-4028,"4034 US-9, Howell Township, NJ, 07731",https://riverparkdentalhowell.com,,riverparkdentalhowell@gmail.com
Robert Del Presto D.M.D.,1-732-840-1300,NJ,,,
Rochelle Dental,(201) 843-7474,"5 W Passaic St #2, Rochelle Park, NJ 07662, USA",https://www.rochelledental.com/?utm_source=google&utm_medium=organic&utm_campaign=gbp-listing,Paterson,rochelledental@gmail.com
Rotem Dental Care,,"Route 37 West, NJ",,,
Rubino James M DMD,,NJ,,,
S Dental & Specialties,201-343-8888,"Essex Street, Rochelle Park, NJ, 07662",,,
S&L Dental,,NJ,,,
SEO Jason H DDS,,"Ratzer Road, Wayne, NJ, 07470",,,
"Sam Romano, D.M.D.",,NJ,,,
Sayreville Dental,732-257-9300,"Washington Road, Sayreville, NJ, 08872",https://www.sayrevilledental.com/?utm_source=Website&utm_medium=GMB,,
Sayreville Dental Studio,732-967-3814,"Pulaski Avenue, Sayreville, NJ, 08872",https://sayrevilledentalstudio.com/,,
Schuster Family Orthodontics,,NJ,,,
Schweighardt Lin,,"Valley Road, Wayne, NJ, 07470",,,
Segal and Iyer Orthodontics,,"State Route 73, Marlton, NJ, 08053",,,
Sewell Dental Arts,,"Fries Mill Road, Blackwood, NJ, 08012",,,
"Shadi Vaghei, DMD",,"Hinchman Avenue, Wayne, NJ, 07470",,,
Shah Orthodontics,,"East Main Street, Marlton, NJ, 08053",,,
Shoreland Dental,1-732-264-2117,"Highway 35, Hazlet Township, NJ",Www.shorelanddental.com,,Shorelanddental@hotmail.com
Short Orthodontics,,NJ,,,
Sicklerville Smiles,856-728-9200,"423 Sicklerville Rd, Sicklerville, NJ, 08081",https://sicklervillesmiles.com/,,
Singla Sandeep K DDS,,"Paterson-Hamburg Turnpike, Wayne, NJ, 07470",,,
Smile Central Dental,,NJ,,,
Smile Dental Center Of NJ PA,1-201-861-4600,"Bergenline Avenue, North Bergen, NJ, 07047",http://smiledentalnjpa.com,,
Smile Experience Orthodontics - Dr. Greg Rosenberg,,"Hinchman Avenue, Wayne, NJ, 07470",,,
Smile Express,,NJ,,,
Smile Flossophy,1-609-862-222,"Princeton-Hightstown Road, West Windsor Township, NJ, 08550",https://smileflossophy.com/,,
Smile Li Dentistry LLC,,NJ,,,
Smile N Shine Family Dentistry,(973) 759-4115,"392 Washington Ave, Belleville, NJ 07109, USA",https://snsdentistry.com/,Newark,info@snsdentistry.com
SmileLogic,,NJ,,,
SmilePartnerz Dental Health Group-Dr. Frank DiCicco and Dr. Harry Long,,"Ratzer Road, Wayne, NJ, 07470",,,
Smiles,,"Pittstown Road, Pittstown, NJ, 08867",,,
Smiles By Design!,(973) 691-8200,"US-46, Budd Lake, NJ, 07828",,,
Smiles Unlimited Dental Center,,"South Main Street, NJ",,,
Smiles on the Hudson,(201) 941-0088,"125 River Rd Suite 104, Edgewater, NJ 07020, USA",https://www.smilesonthehudson.com/,Paterson,"contactus@smilesonthehudson.com; contactus@dentalgroupofwestchester.com, contactus@smilesonthehudson.com"
Smiling Faces Dental,732-257-2000,"Washington Road, Parlin, NJ, 08859",https://www.smilingfacesdental.com,,
Soder Dianna,,"Berdan Avenue, Wayne, NJ, 07470",,,
Somerset Dental Associates,1-908-253-3660,"South Main Street, NJ",,,
"Sonal Jain, DDS, PA",,NJ,,,
Sorina Dental Office,,"Morris Avenue, NJ",,,
Soul Dental West,(646) 437-6062,"853 11th Ave, New York, NY 10019, USA",https://www.souldentalnyc.com/?utm_campaign=gmb,Elizabeth,west@souldentalnyc.com
South Jersey Center for Dental Medicine,(856) 596-4333,"525 NJ-73 STE 105, Marlton, NJ 08053, USA",https://www.marltoncosmeticdentist.com/,Camden,drvidyadds@gmail.com
South Jersey Dental Medicine,,"State Route 73, Evesham, NJ, 08053",,,
South Jersey Family Dental,(856) 227-2554,"900 NJ-168 STE I6, Turnersville, NJ 08012, USA",https://www.turnersvilledentist.com/?y_source=1_OTU3MTUyMi03MTUtbG9jYXRpb24ud2Vic2l0ZQ==,Camden,
"South Jersey Periodontics & Dental Implants, LLC",,"Egg Harbor Road, Sewell, NJ, 08080",,,
Spitzer Dental Design- Dentist Wayne NJ,,"NJ-23, Wayne, NJ, 07470",,,
Staffordshire Dental Group P.A.,(856) 627-3400,"1307 White Horse Rd Building E, Suite 500, Voorhees Township, NJ 08043, USA",https://www.staffordshiredental.com/,Camden,staffordshiredentalgroup@gmail.com
State Street Smiles,,NJ,,,
Steven Markowitz DDS,,NJ,,,
Stiles Dental,,NJ,,,
Strong Roots Dental,551-553-4277_551-288-0255,"273 Newark Avenue, Jersey City, NJ 07302;938 Hudson street, Hoboken, NJ 07030",https://www.strongrootsdental.com/,,strongrootsdentaljc@gmail.com; strongrootsdentalhoboken@gmail.com
Summit Dentist,(908) 698-4229,"137 Summit Ave 1st Floor, Summit, NJ 07901, USA",https://summitdentist.com/?utm_source=GMB&utm_medium=organic&utm_campaign=DevOptimization&utm_content=Website,Newark,
TDL Dental Laboratory,,"Paterson-Hamburg Turnpike, Wayne, NJ, 07470",,,
TK Dental,,"Paterson-Hamburg Turnpike, Wayne, NJ, 07470",,,
TK Dental - Tatyana Kaminar DDS P.C.,,"Paterson-Hamburg Turnpike, Wayne, NJ, 07470",,,
Tamaro Frank a DDS,,"Paterson-Hamburg Turnpike, Wayne, NJ, 07470",,,
Team Dental - Northern Liberties,(215) 598-5100,"992 N 2nd St, Philadelphia, PA 19123, USA",https://team-dental.com/,Cherry Hill,Northernliberties@team-dental.com
Teeth Tamers Orthodontics,732-792-3581,"U.S. 9, #201, Englishtown, NJ, 07726",https://www.teethtamersortho.com/,,
TenBrook Orthodontics,,"State Route 73, Marlton, NJ, 08053",,,
Tenafly Dentistry,,"Central Avenue, Tenafly, NJ, 07670",,,
Tenbrook Orthodontics,877-764-5310,"Swedesboro Road, Mullica Hill, NJ, 08062",https://www.tenbrookorthodontics.com/,,info@tenbrookortho.com
Teresa Oh,,NJ,,,
Terra Dental Center,+1 201 325 8900,NJ,,,
The Atrium,,NJ,,,
The Children's Dental Center,,"W. End Avenue, Somerville, NJ, 08876",,,
The Dental Spa - Philadelphia | Dr. Jeremy D. Kay,(215) 621-8608,"1601 Walnut St #704, Philadelphia, PA 19102, USA",http://www.phillydentalspa.com/?utm_source=GMBListing&utm_medium=Organic,Cherry Hill,DentalSpaPhilly@gmail.com
The Dentists LLC,+1 201-836-2720,"Palisade Avenue, Teaneck, NJ, 07666",http://thedentistsllc.com,,
"The Gentle Dentist of Jackson Heights - Dr. Amit Sood, DDS",(718) 775-3999,"81-31 Baxter Ave, Elmhurst, NY 11373, USA",https://www.dentist-jackson-heights.com/,Jersey City,
The Laser Dental Group of Westfield,,NJ,,,
The Orthodontic Center Of Wayne - Dr. Sally Song,,"Ratzer Road, Wayne, NJ, 07470",,,
The Smile Center of Wrightstown,,"Monmouth Road, Wrightstown, NJ, 08562",,,
Thomas J. Giusto,,NJ,,,
Thomas Pijanowski DMD,,NJ,,,
Tiny Teeth of Lakewood,1-848-245-779,"NJ 70, Lakewood, NJ, 08701",https://tinyteethnj.com/,,
Tooth Fairy Family Dental,(609) 452-2600,"Plainsboro Road, NJ",https://www.toothfairyfamily.com,,
Total Care Dentistry,,NJ,,,
Total Dental Care,,"Brunswick Avenue, Lawrence Township, NJ, 08648",,,
Train Station Dental,,"E Atlantic Avenue, Audubon, NJ, 08106",,,
True Dental Care for Kids & Teens,1-201-565-880,"Brunswick Street, Jersey City, NJ, 07302",http://www.pediatricdentalnj.com,,help@pediatricdentalnj.com
Ulacare Dentistry,,NJ,,,
Union City Oral Surgery Group,1-201-601-9262,"33rd Street, Union City, NJ, 07087",https://www.unioncityoralsurgerygroup.com/,,
Union Hill Dental and orthodontist,,NJ,,,
Unique Family Dentistry,,NJ,,,
United Dental Group,,NJ,,,
Unity Dental,,"Hooper Avenue, Toms River, NJ",,,
Unknown Dental Clinic,,"Vail Road, Parsippany-Troy Hills Township, NJ, 07054",,,
Unknown Dental Clinic,,"NJ-35, Holmdel Township, NJ, 07733",,,
Unknown Dental Clinic,,"North Main Street, Mullica Hill, NJ, 08062",,,
Unknown Dental Clinic,15-7325-657-9191,"Route 37 West, NJ",,,
Unknown Dental Clinic,,NJ,,,
Unknown Dental Clinic,,"Lawrence Road, Lawrence Township, NJ, 08648",,,
Unknown Dental Clinic,,"Summit Street, Parsippany-Troy Hills Township, NJ, 07054",,,
Upper Darby Family Dental,(610) 228-4407,"7922 West Chester Pike, Upper Darby Township, PA 19082, USA",http://upperdarbydentist.net/,Camden,dentist.7922@gmail.com
VIP Smiles By Dr Julie Molin,+1 732-741-8040,"Maple Avenue, Red Bank, NJ, 07701",https://www.juliemolin.com/,,frontdesk@juliemolin.com
VSN Dental PC,732-795-6073,"Route 9 North, Manalapan, NJ, 07726",,,
Valley Dental,,"East Broad Street, Hopewell, NJ, 08525",,,
Value Dental,,NJ,,,
Vernon Valley Dental,,NJ,,,
"Village Dental - Ridgefield Park, NJ",(201) 440-0434,"255 Main St, Ridgefield Park, NJ 07660, USA",https://villagedentalnj.com/?utm_source=google&utm_medium=organic&utm_campaign=gmblisting&utm_id=listing,Paterson,office@villagedentalnj.com
Vincent Colonna D.M.D.,,"Inman Avenue, Colonia, NJ, 07067",,,
Vsmile Dental LLC,(609) 269-5705,"217 Clarksville Rd Ste 7, Princeton Junction, NJ 08550, USA",https://www.vsmiledental.com/,Trenton,vsmiledental@gmail.com
"Warren Merguerian, DDS",+1 732 270 6868,"Fischer Boulevard, Toms River, NJ, 08753",http://www.familydentaloftomsriver.com/,,
Warren Torchinsky,,"East Main Street, Maple Shade Township, NJ, 08052",,,
Washington Dental Associates,,"Legion Drive, Bergenfield, NJ, 07621",,,
Waterfront Detal,,NJ,,,
Wayne Dental Arts,,"Packanack Lake Road, Wayne, NJ, 07470",,,
Wayne Dental Care,,"Paterson-Hamburg Turnpike, Wayne, NJ, 07470",,,
Wayne Family Dental,,"Paterson-Hamburg Turnpike, Wayne, NJ, 07470",,,
Wayne Family Orthodontics,,"Paterson-Hamburg Turnpike, Wayne, NJ, 07470",,,
Wayne Orthodontics - Smiles By Lorino,,"Paterson-Hamburg Turnpike, Wayne, NJ, 07470",,,
Wayne Pediatric Dental Care,,"Paterson-Hamburg Turnpike, Wayne, NJ, 07470",,,
Wayne Pediatrics Dental Care: Chu Ken DDS,,"Paterson-Hamburg Turnpike, Wayne, NJ, 07470",,,
Wayne Pediatrics Dental Care: Hovsky Julia DDS,,"Paterson-Hamburg Turnpike, Wayne, NJ, 07470",,,
Wayne Smiles - Pediatric Dentistry of Wayne,,"Ratzer Road, Wayne, NJ, 07470",,,
West Broadway Dental,,NJ,,,
West Washington Family Dentistry,+1 908-835-0800,"East Washington Avenue, Washington, NJ, 07882",https://www.westwashingtonfamilydentistry.com/,,
Westfield Oral Surgery,908-233-8088,"Lenox Avenue, Westfield, NJ, 07090",https://www.westfieldoralsurgery.com/,,westfieldoralsurgery@gmail.com
Westwood Oral Surgery Associates,856-678-9303,"North Broadway, Pennsville, NJ, 08070",,,
Westwood Village Dental,1-201-594-9991,"Westwood Avenue, Westwood, NJ, 07675",https://westwoodvillagedentalnj.com,,
Wooley Denistry,856 797-8600,"795 Route 70 East, Suite O,Marlton Pike, Evesham, NJ, 08053",http://www.wooleydentistry.com/,,welcomestaff@wooleydentistry.com
Your Bronx Dentist,(718) 306-6421,"3310 Bainbridge Ave, Bronx, NY 10467, USA",https://www.yourbronxdentist.com/,Jersey City,
Zeik Dental,,"Maple Avenue, Red Bank, NJ, 07701",,,
Zen Dental,,"South 4th Avenue, Highland Park, NJ, 08904",,,
iSmile Dental Care,,NJ,,,
