Name,Email,Phone,Website,Address,Source,All_Emails
3PL Platinum Warehousing,,(909) 315-6288,http://www.3plplatinum.com,"5411 Daniels St, Chino, CA 91710-9009",findawarehouse.org,[]
Ability/Tri-Modal City,,(310) 522-5506 ext.133,https://abilitytrimodal.com/,"2011 E Carson St, Carson, CA 90810-1223",findawarehouse.org,[]
Access Plus Warehouse & Logistics,info@apwl.net,(310) 661-3060,https://www.apwl.net,"20731 S Fordyce Ave, Carson, CA 90810-1021",findawarehouse.org,['info@apwl.net']
ACT Fulfillment Inc.,info@actfulfillment.com,(909) 930-9083,http://www.actfulfillment.com,"3155 Universe Dr., Mira Loma, CA 91752",findawarehouse.org,['info@actfulfillment.com']
Allstate Van and Storage DBA: Allstate Logistics,,(858) 746-1000,http://www.amove.com,"12356 McIvers Ct, Poway, CA 92064-6816",findawarehouse.org,[]
Alogistico,solutions@alogisticogroup.com,(707) 320-5268,http://www.alogisticogroup.com,"4995 Industrial Way, Benicia, CA 94510-1039",findawarehouse.org,"['solutions@alogisticogroup.com', 'user@domain.com']"
"Alto Systems, Inc.",Info@altosystems.com,(909) 468-5500,https://www.altosystems.com/,"2867 Surveyor St, Pomona, CA 91768-3251",findawarehouse.org,['Info@altosystems.com']
"Alto Systems, Inc. - Chino",Info@altosystems.com,(909) 468-5500,https://www.altosystems.com/,"13874 Norton Ave, Chino, CA 91710-5480",findawarehouse.org,['Info@altosystems.com']
"Alto Systems, Inc. - Chino 2",Info@altosystems.com,(909) 468-5500,https://www.altosystems.com/,"8986 Remington Ave, Chino, CA 91710-9303",findawarehouse.org,['Info@altosystems.com']
"Alto Systems, Inc. - Lathrop",Info@altosystems.com,(909) 468-5500,https://www.altosystems.com/,"11960 S Harlan Rd, Lathrop, CA 95330-8767",findawarehouse.org,['Info@altosystems.com']
"Atech Logistics, Inc.",,(707) 526-1910,https://www.atechdirect.com,"PO Box 6836, Santa Rosa, CA 95406-0836",findawarehouse.org,[]
Barrett Distribution - Fresno,sales@barrettdistribution.com,(508) 553-8800,https://www.barrettdistribution.com/,"3359 E. North Avenue, Fresno, CA 93725",findawarehouse.org,"['sales@barrettdistribution.com', 'mymail@mailservice.com']"
Barrett Distribution - Southern California,sales@barrettdistribution.com,(508) 298-6549,https://www.barrettdistribution.com/,"8700 Rex Road, Pico Rivera, CA 90660",findawarehouse.org,"['sales@barrettdistribution.com', 'mymail@mailservice.com']"
"Biagi Brothers, Inc.",info@biagibros.com,(707) 251-9990 ext.22,https://www.biagibros.com,"787 Airpark Rd, Napa, CA 94558-7515",findawarehouse.org,['info@biagibros.com']
Brown Integrated Logistics - Wilmington,example@mysite.com,(919) 281-2299,https://www.brownintegratedlogistics.com/,"909 E Colon St, Wilmington, CA 90744-2101",findawarehouse.org,"['example@mysite.com', 'sales@brown-il.com']"
BWT Logistics - Vernon,info@Bwtlogistics.com,(617) 650-0252,http://BWTlogistics.com,"5525 S Soto St, Vernon, CA 90058-3622",findawarehouse.org,['info@Bwtlogistics.com']
California Cross Dock Inc,sales@californiacrossdock.com,951-682-9091 x100,http://www.californiacrossdock.com,"401 Palmyrita Ave, Riverside, CA 92507-1812",findawarehouse.org,['sales@californiacrossdock.com']
"CFR Classic, LLC",alex@nomadseo.com,(310) 223-0474,https://www.cfrclassic.com/,"15501 Texaco Ave, Paramount, CA 90723-3921",findawarehouse.org,['alex@nomadseo.com']
Coleman Worldwide Moving - San Diego,email@example.com,(858) 658-0709,https://www.colemanwg.com/,"13610 Stowe Dr, Poway, CA 92064-6803",findawarehouse.org,['email@example.com']
Custom Goods LLC/Custom Air Warehouse Inc,info@custom-goods.com,(310) 241-6700,https://www.custom-goods.com,"1035 E Watson Center Rd, Carson, CA 90745-4203",findawarehouse.org,['info@custom-goods.com']
"Custom Goods, LLC - Inland Empire 1",info@custom-goods.com,(310) 233-2500,https://www.custom-goods.com,"12200 Arrow Rte, Rancho Cucamonga, CA 91739-9610",findawarehouse.org,['info@custom-goods.com']
"Custom Goods, LLC - Inland Empire 2",info@custom-goods.com,(310) 233-2500,https://www.custom-goods.com,"13479/13481 Valley Blvd, Fontana, CA 92335",findawarehouse.org,['info@custom-goods.com']
"Custom Goods, LLC - Inland Empire 3",info@custom-goods.com,(310) 233-2500,https://www.custom-goods.com,"11640 Harrel St, Jurupa Valley, CA 91752-3708",findawarehouse.org,['info@custom-goods.com']
"Custom Goods, LLC - Oakland CA",info@custom-goods.com,(310) 233-2500,https://www.custom-goods.com,"2001 Maritime St, Oakland, CA 94607-1032",findawarehouse.org,['info@custom-goods.com']
"Custom Goods, LLC - South Bay 1",info@custom-goods.com,(310) 233-2500,https://www.custom-goods.com,"1031/1130 Watson Center Rd , Carson, CA 90745-4203",findawarehouse.org,['info@custom-goods.com']
"Custom Goods, LLC - South Bay 2",,(310) 233-2500,Jeff Veenis,"809/907/909 236th St, Carson, CA 90745",findawarehouse.org,[]
"Custom Goods, LLC Quik Pick Express - South Bay 1",info@custom-goods.com,Website,https://www.custom-goods.com,"1021 E 233rd St, Carson, CA 90745-6206",findawarehouse.org,['info@custom-goods.com']
"Custom Goods, LLC Quik Pick Express - South Bay 2",info@custom-goods.com,(310) 233-2500,https://www.custom-goods.com,"1058 E 230th St, Carson, CA 90745-5006",findawarehouse.org,['info@custom-goods.com']
"Custom Goods, LLC Quik Pick Express - South Bay 3",info@custom-goods.com,(310) 233-2500,https://www.custom-goods.com,"23610 Banning Blvd, Carson, CA 90745-6220",findawarehouse.org,['info@custom-goods.com']
"Custom Goods, LLC Quik Pick Express - South Bay 4",info@custom-goods.com,(310) 233-2500,https://www.custom-goods.com,"20500 Alameda St, Carson, CA 90745",findawarehouse.org,['info@custom-goods.com']
Customized Distribution Services CA,,(973) 366-5090,https://www.cdslogistics.com,"2018 Zephyr St, Stockton, CA 95206-8203",findawarehouse.org,[]
Delta Transport & Trade Services ( Delta Express),info@deltaexpress.com.eg,+202 â€“ 23876462,http://deltaexpress-egypt.com,"18 EL Khalifa El Rady Street7th District, Nasr City, Cairo 11471",findawarehouse.org,['info@deltaexpress.com.eg']
Desert Empire Transfer & Storage Inc.,,(909) 370-3077,https://www.desert-empire.com,"258 Commercial Rd, San Bernardino, CA 92408-4149",findawarehouse.org,[]
DG Fulfillment,,(424) 390-0360,https://www.dg-fulfillment.com,"24100 Broad St, Carson, CA 90745-6028",findawarehouse.org,[]
Dirt Cheap Inc. BDA DCG Fulfillment,labor@dcgfulfillment.com,(909) 204-3200,http://www.dcgfulfillment.com,"1060 Wineville Ave, Ontario, CA 91764-5300",findawarehouse.org,"['labor@dcgfulfillment.com', 'sales@dcgfulfillment.com']"
Distribution Alternatives Inc. - Bloomington,,(800) 346-3245,https://www.daserv.com,"17820 Slover Ave, Bloomington, CA 92316-2333",findawarehouse.org,[]
Distribution Alternatives Inc. - Bloomington 2,,(800) 346-3245,https://www.daserv.com,"18012 Slover Ave, Bloomington, CA 92316-2369",findawarehouse.org,[]
Frontier Logistics Services,,(310) 604-8208,https://www.frontier-logistics.com,"14439 S Avalon Blvd, Gardena, CA 90248-2005",findawarehouse.org,[]
FurniturePros Logistics Solution Inc,info@furnitureproslogistics.com,(626) 387-3339,http://furnitureproslogistics.com/,"20632 Currier Rd, Walnut, CA 91789-2915",findawarehouse.org,['info@furnitureproslogistics.com']
FW Logistics- Modesto,damian.kossakowski@americaneagle.com,(618) 960-2516,https://www.fwwarehousing.com/,"585 Garner Road, Modesto, CA 95357",findawarehouse.org,['damian.kossakowski@americaneagle.com']
G3 Enterprises - California Whse Campus,G3CaliforniaLogistcis@G3Enterprises.com,(209) 247-7936,https://www.g3enterprises.com,"1000 Green Island Rd, American Canyon, CA 94503-9638",findawarehouse.org,"['G3CaliforniaLogistcis@G3Enterprises.com', 'u003eG3CaliforniaLogistics@G3Enterprises.com', 'G3.Info@g3enterprises.com', 'g3.info@g3enterprises.com', 'u003eg3.info@g3enterprises.com']"
"G3 Enterprises, Inc",G3CaliforniaLogistcis@G3Enterprises.com,(800) 321-4747,https://www.g3enterprises.com,"502 E Whitmore Ave, Modesto, CA 95358-9411",findawarehouse.org,"['G3CaliforniaLogistcis@G3Enterprises.com', 'u003eG3CaliforniaLogistics@G3Enterprises.com', 'G3.Info@g3enterprises.com', 'g3.info@g3enterprises.com', 'u003eg3.info@g3enterprises.com']"
Global Logistics and Fulfillment - Inland Empire,sales@GLogisticsFulfillment.com,(702) 505-9269,https://www.glogisticsfulfillment.com,"10680 Acacia St Ste A, Rancho Cucamonga, CA 91730-5409",findawarehouse.org,['sales@GLogisticsFulfillment.com']
Goggin Warehousing LLC - Calexico,,(760) 357-9545,https://www.gogginwarehousing.com,"1757 Carr RdSuite 100E, Calexico, CA 92231-9781",findawarehouse.org,[]
Goggin Warehousing LLC - San Diego,,(619) 710-8699,https://www.gogginwarehousing.com,"2660 Sarnen St, San Diego, CA 92154-6216",findawarehouse.org,[]
"GPA Logistics Group, Inc.",my3pl@gpalogisticsgroup.com,(909) 349-4769,http://www.gpalogisticsgroup.com,"1600 S Baker Ave, Ontario, CA 91761-8079",findawarehouse.org,['my3pl@gpalogisticsgroup.com']
GVH 3PL - Los Angeles,customerservice@diversifiedwarehouse.com,(806) 795-2453 x1007,http://diversifiedwarehouse.com,"7301 Telegraph Rd, Montebello, CA 90640-6501",findawarehouse.org,['customerservice@diversifiedwarehouse.com']
Inland Star Distribution Centers,,(559) 237-2052,https://www.inlandstar.com,"3146 S Chestnut AvePO Box 2396, Fresno, CA 93725-2606",findawarehouse.org,[]
"Inland Star Distribution Centers, Inc - Plaza",,(559) 365-7632,https://www.inlandstar.com,"1801 N Plaza Dr, Visalia, CA 93291-2453",findawarehouse.org,[]
"Inland Star Distribution Centers, Inc. - Kelsey",,(559) 213-0144,https://www.inlandstar.com,"791 N Kelsey St, Visalia, CA 93725",findawarehouse.org,[]
"Inland Star Distribution Centers, Inc. - Los Angeles",,(310) 762-6212,https://www.inlandstar.com,"2132 E Dominguez St Ste A, Carson, CA 90810-1026",findawarehouse.org,[]
Iron Mountain- Victorville 2,investor.relations@ironmountain.com,(407) 274-8390,https://www.ironmountain.com/supplychain,"12179 Momentum Road, Victorville, CA 92301",findawarehouse.org,"['investor.relations@ironmountain.com', 'CAC@IronMountain.com', 'media@ironmountain.com']"
Iron Mountain-Perris,investor.relations@ironmountain.com,(407) 274-8390,https://www.ironmountain.com/supplychain,"23111 Perry Street, Perris, CA 92570",findawarehouse.org,"['investor.relations@ironmountain.com', 'CAC@IronMountain.com', 'media@ironmountain.com']"
Iron Mountain-Riverside 1,investor.relations@ironmountain.com,(407) 274-8390,https://www.ironmountain.com/supplychain,"21805 Authority Way, March Air Reserve Base, CA 92518-3030",findawarehouse.org,"['investor.relations@ironmountain.com', 'CAC@IronMountain.com', 'media@ironmountain.com']"
Iron Mountain-Tracy,investor.relations@ironmountain.com,(407) 274-8390,https://www.ironmountain.com/supplychain,"1150 E Arbor Ave, Tracy, CA 95304-8439",findawarehouse.org,"['investor.relations@ironmountain.com', 'CAC@IronMountain.com', 'media@ironmountain.com']"
Iron Mountain-Victorville 1,investor.relations@ironmountain.com,(407) 274-8390,https://www.ironmountain.com/supplychain,"12210 Innovation Way, Victorville, CA 92301",findawarehouse.org,"['investor.relations@ironmountain.com', 'CAC@IronMountain.com', 'media@ironmountain.com']"
JAM-N Logistics,info@jam-n.com,(310) 661-3081,http://www.jam-n.com,"2140 E University Dr, Rancho Dominguez, CA 90220-6412",findawarehouse.org,['info@jam-n.com']
Jam-n Logistics Inc Warehouse 2,info@jam-n.com,(310) 661-3081,http://www.jam-n.com,"2230 E Carson St, Carson, CA 90810-1226",findawarehouse.org,['info@jam-n.com']
Jam-n Logistics Inc Warehouse 3,info@jam-n.com,(323) 721-4552,http://www.jam-n.com,"3388 S Garfield Ave, Commerce, CA 90040-3102",findawarehouse.org,['info@jam-n.com']
Kair Harbor Express LLC,info@LAharborexpress.com,(562) 735-4232,http://www.kairharborexpress.com,"20250 S Alameda St, Compton, CA 90221-6207",findawarehouse.org,['info@LAharborexpress.com']
KKW Trucking,voe@kkwtrucks.com,(909) 869-1210,http://www.kkwtrucks.com,"3100 Pomona Blvd, Pomona, CA 91768-3230",findawarehouse.org,"['voe@kkwtrucks.com', 'kkwrecruiting@kkwtrucks.com']"
KKW Trucking- Fontana,voe@kkwtrucks.com,(909) 869-1210,http://www.kkwtrucks.com,"15895 Valley Blvd, Fontana, CA 92335-6430",findawarehouse.org,"['voe@kkwtrucks.com', 'kkwrecruiting@kkwtrucks.com']"
Knight-Swift Warehousing & Fulfillment - So CA,,(423) 240-6543,http://www.kswhse.com,"2960 E Victoria St, Compton, CA 90221-5615",findawarehouse.org,[]
LMD Integrated Logistics Services - Carson CA,,833-LMD-5600,https://www.lmdlogistics.com,"22301 Bonita St, Carson, CA 90745-4104",findawarehouse.org,[]
LMD Integrated Logistics Services - Rancho Dominguez CA,,833-LMD-5600,https://www.lmdlogistics.com,"3136 E Victoria St, Compton, CA 90221-5618",findawarehouse.org,[]
MAI Fulfillment - Corona CA,,(949) 326-9870,https://www.maifulfillment.com,"110 S Promenade Ave, Corona, CA 92879-1723",findawarehouse.org,[]
Medallion Fulfillment & Logistics,info@medallionenterprises.com,(818) 998-8366,https://www.medallionenterprises.com,"20675 Nordhoff Street, Chatsworth, CA 91311",findawarehouse.org,"[' info@medallionenterprises.com', 'info@medallionenterprises.com']"
Minuteman Transport Inc,sales@minutemantransport.com,(626) 330-0334,http://www.minutemantransport.com/,"14840 Procter Ave, City Of Industry, CA 91715",findawarehouse.org,"['sales@minutemantransport.com', 'Sales@MinutemanTransport.com', 'Dispatch@MinutemanTransport.com', 'Billing@minutemantransport.com', 'Billing@MinutemanTransport.com', 'Warehouse@MinutemanTransport.com', 'example@mysite.com']"
Nakano Warehouse - LA Branch,,(310) 638-9363,http://www.tonnex.com,"18924 S Laurel Park Rd Ste A, Rancho Dominguez, CA 90220-6802",findawarehouse.org,[]
"ODW Logistics - Ontario, CA",info@odwlogistics.com,(614) 549-5000,https://www.odwlogistics.com,"5685 Jurupa St, Ontario, CA 91761-3615",findawarehouse.org,['info@odwlogistics.com']
"ODW Logistics - Redlands, CA DC2",info@odwlogistics.com,(614) 549-5000,https://www.odwlogistics.com,"9889 Almond AveSuite A, Redlands, CA 92734",findawarehouse.org,['info@odwlogistics.com']
O'Neill Logistics LLC - California,info@oneilllogistics.com,(732) 340-1200,https://www.oneilllogistics.com,"8925 Santa Anita Ave, Rancho Cucamonga, CA 91730-6109",findawarehouse.org,['info@oneilllogistics.com']
"Pacific Mountain Logistics, LLC",youremail@fly.com,(909) 581-7590,https://www.pacmtnlog.com,"990 E Mill St, San Bernardino, CA 92408-1603",findawarehouse.org,"['youremail@fly.com', 'youremail@gmail.com']"
Partners Warehouse - Flex Logistics 1,info@partnerswarehouse.com,(815) 423-9100,https://www.partnerswarehouse.com,"1801 S Carlos Ave, Ontario, CA 91761-8005",findawarehouse.org,['info@partnerswarehouse.com']
Partners Warehouse - Flex Logistics 2,info@partnerswarehouse.com,(815) 423-9100,https://www.partnerswarehouse.com,"3070 E Cedar St, Ontario, CA 91761-7620",findawarehouse.org,['info@partnerswarehouse.com']
Partners Warehouse - Flex Logistics 3,info@partnerswarehouse.com,(815) 423-9100,https://www.partnerswarehouse.com,"14940 Summit Dr, Eastvale, CA 92880-3099",findawarehouse.org,['info@partnerswarehouse.com']
Pegasus Warehousing and Distribution Inc,,(562) 550-3252,https://www.pegasuswarehousing.com,"1111 E Watson Center Rd Ste A, Carson, CA 90745-4217",findawarehouse.org,[]
Penske Logistics LLC,logistics@penske.com,(310) 639-0097,https://www.penskelogistics.com,"20500 S Fordyce Ave, Carson, CA 90810-1016",findawarehouse.org,['logistics@penske.com']
"Peppertree Warehouse & Distribution Co., Inc.",,(510) 487-1119,https://www.roadstartruckinginc.com,"30497 San Antonio St, Hayward, CA 94544",findawarehouse.org,[]
Price Transfer Inc,,(310) 639-6074,https://www.pricetransfer.com,"2790 E Del Amo Blvd, Rancho Dominguez, CA 90221-6008",findawarehouse.org,[]
Prime Global Solutions Inc. -PGS360,info@pgs360.com,(800) 424-7746,https://www.pgs360.com/,"15805 E Valley Blvd, City Of Industry, CA 91744-3929",findawarehouse.org,['info@pgs360.com']
PRISM Logistics,info@prismlogistics.com,(925) 838-1691,https://www.prismlogistics.com,"PO Box 2470, Danville, CA 94526-7470",findawarehouse.org,['info@prismlogistics.com']
Prism Logistics,info@prismlogistics.com,(510) 783-8888,https://www.prismlogistics.com,"1961 Stearman Ave, Hayward, CA 94545",findawarehouse.org,['info@prismlogistics.com']
Quik Pick Express,,(310) 763-3000,https://www.quikpickexpress.com,"1021 E 233rd St, Carson, CA 90745-6206",findawarehouse.org,[]
Razr Logistics - San Diego,,(314) 495-3156,https://www.johnson-logistics.com,"8709 Kerns St, San Diego, CA 92154-6213",findawarehouse.org,[]
Regal Logistics - Anaheim CA,,(253) 922-2250,https://www.regallogistics.com,"2201 E Cerritos Ave, Anaheim, CA 92806-5710",findawarehouse.org,[]
RK Logistics Group Fremont CA 2,info@rklogisticsgroup.com,(800) 821-7770,https://www.rklogisticsgroup.com,"44901 Industrial Dr, Fremont, CA 94538-6486",findawarehouse.org,['info@rklogisticsgroup.com']
RK Logistics Group Fremont CA 3,info@rklogisticsgroup.com,(800) 821-7770,https://www.rklogisticsgroup.com,"47020 Kato Rd, Fremont, CA 94538-7332",findawarehouse.org,['info@rklogisticsgroup.com']
RK Logistics Group Hayward CA 1,info@rklogisticsgroup.com,(800) 821-7770,https://www.rklogisticsgroup.com,"2701 W Winton Ave, Hayward, CA 94545-1125",findawarehouse.org,['info@rklogisticsgroup.com']
RK Logistics Group Hayward CA 2,info@rklogisticsgroup.com,(800) 821-7770,https://www.rklogisticsgroup.com,"31775 Hayman St, Hayward, CA 94544-7923",findawarehouse.org,['info@rklogisticsgroup.com']
RK Logistics Group Livermore CA 1,info@rklogisticsgroup.com,(800) 821-7770,https://www.rklogisticsgroup.com,"7150 Patterson Pass Rd, Livermore, CA 94550-9818",findawarehouse.org,['info@rklogisticsgroup.com']
RK Logistics Group Livermore CA 2,info@rklogisticsgroup.com,(800) 821-7770,https://www.rklogisticsgroup.com,"7600 Hawthorne Ave, Livermore, CA 94550-7124",findawarehouse.org,['info@rklogisticsgroup.com']
RK Logistics Group Newark CA 1,info@rklogisticsgroup.com,(800) 821-7770,https://www.rklogisticsgroup.com,"6753 Mowry Ave, Newark, CA 94560-4927",findawarehouse.org,['info@rklogisticsgroup.com']
RK Logistics Group Newark CA 2,info@rklogisticsgroup.com,(800) 821-7770,https://www.rklogisticsgroup.com,"7375 Morton Ave, Newark, CA 94560-4214",findawarehouse.org,['info@rklogisticsgroup.com']
"RK Logistics Group, Inc",info@rklogisticsgroup.com,(800) 821-7770,https://www.rklogisticsgroup.com,"41707 Christy St, Fremont, CA 94538-4195",findawarehouse.org,['info@rklogisticsgroup.com']
Saddle Creek Logistics Services - Buena Park,sales@sclogistics.com,(888) 878-1177,https://www.sclogistics.com,"6565 Knott Avenue, Ste C, Buena Park, CA 90620",findawarehouse.org,"['sales@sclogistics.com', 'driverrecruitingdepartment@sclogistics.com', 'dotdriververificationsonly@sclogistics.com']"
Saddle Creek Logistics Services - Modesto,sales@sclogistics.com,(888) 878-1177,https://www.sclogistics.com,"1235 E Whitmore Ave, Modesto, CA 95358",findawarehouse.org,"['sales@sclogistics.com', 'driverrecruitingdepartment@sclogistics.com', 'dotdriververificationsonly@sclogistics.com']"
Saddle Creek Logistics Services - Ontario,sales@sclogistics.com,(888) 878-1177,https://www.sclogistics.com,"5431 E Philadelphia Street, Ontario, CA 91761",findawarehouse.org,"['sales@sclogistics.com', 'driverrecruitingdepartment@sclogistics.com', 'dotdriververificationsonly@sclogistics.com']"
SAMS International Inc,,(909) 708-4330,http://samsinter.com,"11818 San Marino St, Rancho Cucamonga, CA 91730-6015",findawarehouse.org,[]
"ShipLab, LLC",,(858) 248-2136,http://shiplabsd.com,"3055 Enterprise Ct, Vista, CA 92081-8347",findawarehouse.org,[]
Sierra Pacific Warehouse Group,:contact@spwg.com,(209) 572-2882,https://www.spwg.com,"4300 Finch Road, Modesto, CA 95357",findawarehouse.org,"[':contact@spwg.com', 'contact@spwg.com']"
Smart Warehousing - WH26,sales@smartwarehousing.com,(913) 888-3222,https://www.smartwarehousing.com,"1545 E Locust St, Ontario, CA 91761-8028",findawarehouse.org,"['sales@smartwarehousing.com', 'info@smartwarehousing.com']"
Smart Warehousing - WH41,sales@smartwarehousing.com,(913) 888-3222,https://www.smartwarehousing.com,"11081 Banana Ave, Fontana, CA 92337-7021",findawarehouse.org,"['sales@smartwarehousing.com', 'info@smartwarehousing.com']"
Smart Warehousing - WH46,sales@smartwarehousing.com,(913) 888-3222,https://www.smartwarehousing.com,"10855 Cherry Ave, Fontana, CA 92337-7151",findawarehouse.org,"['sales@smartwarehousing.com', 'info@smartwarehousing.com']"
Source Logistics,,(323) 887-3884,https://www.sourcelogistics.com,"812 Union St, Montebello, CA 90640-6523",findawarehouse.org,[]
Source Logistics - City of Industry CA Temple,,(323) 887-3892,https://www.sourcelogistics.com,"13060 Temple Ave, City Of Industry, CA 91746-1400",findawarehouse.org,[]
Source Logistics - City of Industry CA Workman,,(323) 887-3893,https://www.sourcelogistics.com,"2225 Workman Mill Rd, City Of Industry, CA 90601-1437",findawarehouse.org,[]
Source Logistics - Montebello CA Yates,,(323) 887-3895,https://www.sourcelogistics.com,"2100 Yates Ave, Los Angeles, CA 90040-1920",findawarehouse.org,[]
Southcoast Transportation and Distribution,stockton@wrds.com,(714) 683-2300,https://www.wrds.com,"1424 S Raymond Ave, Fullerton, CA 92831-5235",findawarehouse.org,['stockton@wrds.com']
"States Logistics Services, Inc.",sales@stateslogistics.com,(714) 521-6520 ext.4315,https://www.stateslogistics.com,"5650 Dolly Ave, Buena Park, CA 90621-1872",findawarehouse.org,"['sales@stateslogistics.com', 'issupport@stateslogistics.com', 'recruiter@stateslogistics.com']"
"States Logistics Services, Inc. - Buena Park 1",sales@stateslogistics.com,(714) 522-2682,http://www.stateslogistics.com,"6570 Altura Boulevard, Buena Park, CA 90620",findawarehouse.org,"['sales@stateslogistics.com', 'issupport@stateslogistics.com', 'recruiter@stateslogistics.com']"
"States Logistics Services, Inc. - Buena Park 2",sales@stateslogistics.com,(714) 521-6520,https://www.stateslogistics.com,"7102 Cate Dr, Buena Park, CA 90621-1832",findawarehouse.org,"['sales@stateslogistics.com', 'issupport@stateslogistics.com', 'recruiter@stateslogistics.com']"
"States Logistics Services, Inc. - Fontana",sales@stateslogistics.com,(951) 703-4900,http://www.stateslogistics.com,"13405 Marlay Avenue, Fontana, CA 92337",findawarehouse.org,"['sales@stateslogistics.com', 'issupport@stateslogistics.com', 'recruiter@stateslogistics.com']"
"States Logistics Services, Inc. - Fontana 1",sales@stateslogistics.com,(714) 521-6520,http://www.stateslogistics.com,"11265 Beech Avenue, Fontana, CA 92337",findawarehouse.org,"['sales@stateslogistics.com', 'issupport@stateslogistics.com', 'recruiter@stateslogistics.com']"
"States Logistics Services, Inc. - La Mirada",sales@stateslogistics.com,(714) 318-5306,http://www.stateslogistics.com,"15221 Canary Avenue, La Mirada, CA 90638",findawarehouse.org,"['sales@stateslogistics.com', 'issupport@stateslogistics.com', 'recruiter@stateslogistics.com']"
"States Logistics Services, Inc. - Ontario 1",sales@stateslogistics.com,(909) 284-7400,http://www.stateslogistics.com,"5500 East Francis Street, Ontario, CA 91761",findawarehouse.org,"['sales@stateslogistics.com', 'issupport@stateslogistics.com', 'recruiter@stateslogistics.com']"
"States Logistics Services, Inc. - San Bernardino",sales@stateslogistics.com,(909) 863-4683,http://www.stateslogistics.com,"1650 East Central Avenue, San Bernardino, CA 92408",findawarehouse.org,"['sales@stateslogistics.com', 'issupport@stateslogistics.com', 'recruiter@stateslogistics.com']"
The Armstrong Company-California,first.last@company.com,(800) 669-3899,https://www.goarmstrong.com/locations/sacramento/,"859 F StSuite 130, West Sacramento, CA 95605-2373",findawarehouse.org,['first.last@company.com']
The Armstrong Company-Mira Loma,first.last@company.com,(909) 545-8300,https://www.goarmstrong.com/locations/los-angeles/,"4450 Wineville Ave Ste B, Jurupa Valley, CA 91752-1414",findawarehouse.org,['first.last@company.com']
The Armstrong Company-Union City,first.last@company.com,(510) 895-8050,https://www.goarmstrong.com/locations/san-francisco/,"32001 Dowe Ave, Union City, CA 94587",findawarehouse.org,['first.last@company.com']
"TransPak, Inc",,(408) 254-0500,https://www.transpak.com,"520 Marburg Way, San Jose, CA 95133-1619",findawarehouse.org,[]
"TransPak, Inc. - Hayward 1",,(408) 254-0500,https://www.transpak.com,"20415 Corsair Boulevard, Hayward, CA",findawarehouse.org,[]
"TransPak, Inc. - Hayward 2",,(408) 254-0500,https://www.transpak.com,"2038 Corsair Boulevard, Hayward, CA",findawarehouse.org,[]
"TransPak, Inc. - Hayward 3",,(408) 254-0500,https://www.transpak.com,"2820 W Winton Ave , Hayward, CA",findawarehouse.org,[]
"TransPak, Inc. - Lincoln 1",,(408) 254-0500,https://www.transpak.com,"1721 Aviation Boulevard Suite 150, Lincoln, CA",findawarehouse.org,[]
"TransPak, Inc. - Lincoln 2",,(408) 254-0500,https://www.transpak.com,"1721 Aviation Boulevard Suite 100, Lincoln, CA",findawarehouse.org,[]
"TransPak, Inc. - Livermore",,(408) 254-0500,https://www.transpak.com,"4754 Bennet Drive Duite A, Livermore , CA",findawarehouse.org,[]
"TransPak, Inc. - Livermore 2",,(408) 254-0500,https://www.transpak.com,"6383 Las Positas Road , Livermore , CA",findawarehouse.org,[]
"TransPak, Inc. - Milpitas 1",,(408) 254-0500,https://www.transpak.com,"206, 212, 218 Railroad Ave, Milpitas, CA",findawarehouse.org,[]
"TransPak, Inc. - Milpitas 2",,(408) 254-0500,https://www.transpak.com,"986 S Milpitas Boulevard , Milpitas, CA",findawarehouse.org,[]
"TransPak, Inc. - Newark",,(408) 254-0500,https://www.transpak.com,"38505 Cherry St # B, C , D & E, Newark, CA 94560-4700",findawarehouse.org,[]
"TransPak, Inc. - Newark 2",,(408) 254-0500,https://www.transpak.com,"38505 Cherry St#B, C,D,E, Newark, CA 94560-4700",findawarehouse.org,[]
"TransPak, Inc. - San Diego",,(408) 254-0500,https://www.transpak.com,"6020 Progressive Ave Suite 100, San Diego, CA",findawarehouse.org,[]
"TransPak, Inc. - San Jose",,(408) 254-0500,https://www.transpak.com,"520 N Marburg Way, San Jose , CA",findawarehouse.org,[]
"TransPak, Inc. - Santa Ana",,(408) 254-0500,https://www.transpak.com,"2601 Garnsey St, Santa Ana , CA",findawarehouse.org,[]
"TransPak, Inc. - South San Francisco",,(408) 254-0500,https://www.transpak.com,"409 Littlefield Ave, South San Francisco, CA 94080-6106",findawarehouse.org,[]
Trigen Logistics Corporation,,(323) 881-0886,https://www.trigen.com,"16000 Heron Ave, La Mirada, CA 90638-5513",findawarehouse.org,[]
Turner Packaging Solutions (TPSI) - Ontario CA,,(909) 990-0000,http://turnerpackaging.com,"2304 S Castle Harbour Pl, Ontario, CA 91761-5706",findawarehouse.org,[]
"Turner Packaging Solutions, Inc. (TPSI)",,(909) 990-0000,http://Turnerpackaging.com,"16404 Knott Ave, La Mirada, CA 90638-5760",findawarehouse.org,[]
"United Facilities, Inc. - Fontana",,(612) 598-3988,https://www.unifac.com,"11618 Mulberry Ave, Fontana, CA 92337-7618",findawarehouse.org,[]
"United Facilities, Inc. - Stockton",,(612) 598-3988,https://www.unifac.com,"3535 Perlman Dr, Stockton, CA 95206-4203",findawarehouse.org,[]
"United Facilities, Inc. - Tracy",,(612) 598-3988,https://www.unifac.com,"25451 Mountain House Pkwy, Tracy, CA 95377-8903",findawarehouse.org,[]
Van-G Logistics,,(559) 834-5500,https://www.vanglogistics.com,"8000 E Manning Ave, Fowler, CA 93625-9789",findawarehouse.org,[]
Wagner Logistics,interactive@smallbusinessmiracles.com,(816) 421-3520,https://www.wagnerlogistics.com,"2626 S. Maple Ave., Fresno, CA 93725",findawarehouse.org,['interactive@smallbusinessmiracles.com']
Walker International Transportation - LAX,,(424) 427-7877,https://www.walkerscm.com,"2399 E Pacifica Place, CA, Rancho Dominguez, CA 90220",findawarehouse.org,[]
Web to Door Corp,,(408) 466-8478,http://www.alderra.com,"1431 Doolittle Dr, San Leandro, CA 94577-2225",findawarehouse.org,[]
Western Regional Delivery Service,stockton@wrds.com,(714) 683-0700,https://www.wrds.com/,"2991 Navone Rd, Stockton, CA 95215",findawarehouse.org,['stockton@wrds.com']
Westset Logistics,,(562) 361-9430,https://www.westsetlogistics.com,"14041 Rosecrans Ave., La Mirada, CA 90638",findawarehouse.org,[]
WSI,,(920) 831-3700,https://www.wsinc.com,"2100 Yates Ave, Montebello, CA 90640",findawarehouse.org,[]
XB Fulfillment,info@xbfulfillment.com,(844) 999-2525,https://www.xblogistics.com/,"8115 Saint Andrews Ave, San Diego, CA 92154-8201",findawarehouse.org,['info@xbfulfillment.com']
XCL Logistics.com,info@xcllogistics.com,(209) 601-7147,http://www.xcllogistics.com,"2325 W Charter Way, Stockton, CA 95206-1135",findawarehouse.org,['info@xcllogistics.com']
